customer_id,full_name,email,phone,country,created_at,status,segment,risk_profile,archetype
CUST-000001,Tanvir Mustafi,tanvir.mustafi5518@example.com,+880150592985,BD,2025-11-02 10:21:00+00:00,active,retail,LOW,shopper
CUST-000002,Aiko Akter,aiko.akter253@example.com,+880149117562,BD,2026-02-26 23:15:00+00:00,active,retail,MEDIUM,p2p
CUST-000003,Ibrahim Silva,ibrahim.silva3594@example.com,+880139014638,BD,2026-01-27 21:10:00+00:00,dormant,retail,LOW,biller
CUST-000004,Elena Tanaka,elena.tanaka5619@example.com,+880146226855,BD,2026-05-20 03:15:00+00:00,active,premium,MEDIUM,night_owl
CUST-000005,Daniel Andersen,daniel.andersen2156@example.com,+880151967121,BD,2026-07-21 00:32:00+00:00,active,retail,LOW,shopper
CUST-000006,Arif Talukder,arif.talukder6867@example.com,+880199021890,BD,2026-03-05 23:21:00+00:00,active,retail,MEDIUM,shopper
CUST-000007,James Rahman,james.rahman3021@example.com,+120250966252,US,2026-04-14 16:58:00+00:00,closed,retail,LOW,shopper
CUST-000008,Carmen Ibrahimov,carmen.ibrahimov9434@example.com,+880190919747,BD,2025-10-25 13:02:00+00:00,active,premium,MEDIUM,night_owl
CUST-000009,Omar Haddad,omar.haddad6674@example.com,+880142389995,BD,2026-01-27 14:54:00+00:00,active,retail,MEDIUM,biller
CUST-000010,Rakib Akter,rakib.akter5435@example.com,+880155515074,BD,2026-05-29 10:20:00+00:00,active,retail,LOW,salaried
CUST-000011,Rakib Nakamura,rakib.nakamura4445@example.com,+880132394204,BD,2025-10-31 05:55:00+00:00,active,business,MEDIUM,velocity_mule
CUST-000012,Rakib Adeyemi,rakib.adeyemi4588@example.com,+880147051359,BD,2026-04-07 18:09:00+00:00,active,premium,MEDIUM,traveler
CUST-000013,Arif Okafor,arif.okafor3597@example.com,+880170316574,BD,2026-05-21 19:17:00+00:00,dormant,retail,LOW,biller
CUST-000014,Priya Mwangi,priya.mwangi4492@example.com,+6555159157,SG,2026-01-14 22:52:00+00:00,active,retail,LOW,salaried
CUST-000015,Anika Moreau,anika.moreau4652@example.com,+880167329139,BD,2026-04-17 23:59:00+00:00,active,retail,MEDIUM,salaried
CUST-000016,Nadia Nakamura,nadia.nakamura1293@example.com,+880169615497,BD,2025-11-25 18:06:00+00:00,active,retail,LOW,salaried
CUST-000017,Rumana Sarker,rumana.sarker7292@example.com,+880196358800,BD,2026-05-14 20:03:00+00:00,dormant,retail,LOW,salaried
CUST-000018,Arif Sarker,arif.sarker6661@example.com,+880132809236,BD,2026-07-11 05:44:00+00:00,active,retail,MEDIUM,biller
CUST-000019,Kwame Sarker,kwame.sarker4345@example.com,+880199035968,BD,2025-11-23 03:49:00+00:00,active,retail,MEDIUM,shopper
CUST-000020,Viktor Kowalski,viktor.kowalski3130@example.com,+880199364390,BD,2026-02-03 11:36:00+00:00,active,premium,LOW,amount_spiker
CUST-000021,Ingrid Whitfield,ingrid.whitfield4474@example.com,+880165615015,BD,2026-02-25 16:30:00+00:00,suspended,retail,LOW,shopper
CUST-000022,Daniel Haddad,daniel.haddad593@example.com,+880142021759,BD,2025-11-16 21:00:00+00:00,dormant,retail,LOW,salaried
CUST-000023,Mei Nakamura,mei.nakamura6205@example.com,+880159826173,BD,2026-04-13 00:02:00+00:00,active,retail,LOW,shopper
CUST-000024,Sabbir Karim,sabbir.karim2664@example.com,+880163453866,BD,2026-01-09 18:02:00+00:00,active,retail,LOW,salaried
CUST-000025,Rumana Mwangi,rumana.mwangi8872@example.com,+6589989588,SG,2026-06-19 15:12:00+00:00,active,retail,LOW,failure_prone
CUST-000026,Nabil Andersen,nabil.andersen9188@example.com,+880195340709,BD,2026-06-12 10:06:00+00:00,active,retail,MEDIUM,shopper
CUST-000027,Jonas Hossain,jonas.hossain4122@example.com,+97194095101,AE,2026-06-22 20:25:00+00:00,active,retail,MEDIUM,p2p
CUST-000028,Peter Andersen,peter.andersen3809@example.com,+880182463063,BD,2026-03-03 03:35:00+00:00,suspended,retail,LOW,dormant
CUST-000029,Sumaiya Noor,sumaiya.noor6752@example.com,+880173345208,BD,2025-11-01 01:32:00+00:00,active,retail,LOW,shopper
CUST-000030,Elena Okafor,elena.okafor9765@example.com,+880153635772,BD,2026-04-26 18:24:00+00:00,dormant,retail,MEDIUM,shopper
CUST-000031,Omar Haddad,omar.haddad6531@example.com,+880165911196,BD,2026-01-06 00:30:00+00:00,active,business,MEDIUM,velocity_mule
CUST-000032,Amara Adeyemi,amara.adeyemi9353@example.com,+880190659370,BD,2026-07-07 01:00:00+00:00,dormant,retail,MEDIUM,p2p
CUST-000033,Sabbir Islam,sabbir.islam1928@example.com,+9130095938,IN,2025-11-22 21:07:00+00:00,dormant,retail,HIGH,biller
CUST-000034,Tanvir Bhuiyan,tanvir.bhuiyan251@example.com,+880165647819,BD,2026-01-17 23:50:00+00:00,active,retail,LOW,shopper
CUST-000035,Marcus Sultana,marcus.sultana4844@example.com,+4481442969,GB,2026-01-24 13:58:00+00:00,active,retail,LOW,salaried
CUST-000036,Shakib Silva,shakib.silva2293@example.com,+880183071596,BD,2025-10-17 11:36:00+00:00,active,retail,MEDIUM,salaried
CUST-000037,Nusrat Rossi,nusrat.rossi6392@example.com,+880131666400,BD,2026-04-26 03:12:00+00:00,dormant,retail,LOW,salaried
CUST-000038,Tasnim Rossi,tasnim.rossi1604@example.com,+880152439751,BD,2026-04-29 10:55:00+00:00,active,retail,HIGH,shopper
CUST-000039,Rumana Islam,rumana.islam7700@example.com,+880138016001,BD,2025-11-02 19:41:00+00:00,active,retail,LOW,shopper
CUST-000040,Mei Bergman,mei.bergman2356@example.com,+880169402834,BD,2026-06-03 01:43:00+00:00,active,retail,MEDIUM,failure_prone
CUST-000041,Carmen Chowdhury,carmen.chowdhury1398@example.com,+880131787502,BD,2026-02-08 15:27:00+00:00,active,retail,LOW,shopper
CUST-000042,Nadia Moreau,nadia.moreau4495@example.com,+880157714213,BD,2026-04-05 13:26:00+00:00,active,premium,LOW,amount_spiker
CUST-000043,James Delgado,james.delgado8398@example.com,+880137256476,BD,2026-01-09 13:55:00+00:00,active,retail,LOW,biller
CUST-000044,Maliha Tanaka,maliha.tanaka1890@example.com,+880136064346,BD,2025-10-14 22:48:00+00:00,active,retail,MEDIUM,shopper
CUST-000045,Ingrid Haddad,ingrid.haddad718@example.com,+880149945833,BD,2026-07-06 21:42:00+00:00,suspended,retail,MEDIUM,shopper
CUST-000046,Rumana Adeyemi,rumana.adeyemi2834@example.com,+880144875316,BD,2026-03-14 06:05:00+00:00,active,retail,LOW,shopper
CUST-000047,Maliha Mustafi,maliha.mustafi7719@example.com,+9162884931,IN,2025-12-04 01:34:00+00:00,active,retail,MEDIUM,failure_prone
CUST-000048,Ingrid Sharma,ingrid.sharma1232@example.com,+880159786702,BD,2026-02-16 09:24:00+00:00,active,business,LOW,velocity_mule
CUST-000049,Rumana Haque,rumana.haque3351@example.com,+880153972370,BD,2026-02-15 01:27:00+00:00,active,retail,MEDIUM,shopper
CUST-000050,Sadia Costa,sadia.costa3363@example.com,+880156696990,BD,2026-03-23 22:52:00+00:00,active,retail,LOW,shopper
CUST-000051,Imran Mwangi,imran.mwangi599@example.com,+120259888724,US,2026-04-29 16:45:00+00:00,active,retail,LOW,p2p
CUST-000052,Zara Sarker,zara.sarker5191@example.com,+880177105725,BD,2026-07-21 21:20:00+00:00,active,retail,LOW,salaried
CUST-000053,Arif Rahman,arif.rahman3620@example.com,+880171479252,BD,2025-12-17 05:34:00+00:00,active,business,LOW,merchant_owner
CUST-000054,Elena Andersen,elena.andersen2123@example.com,+97184174688,AE,2025-12-01 10:59:00+00:00,active,retail,LOW,shopper
CUST-000055,Fatima Alam,fatima.alam469@example.com,+880173940496,BD,2025-11-19 18:59:00+00:00,active,retail,MEDIUM,dormant
CUST-000056,Leila Mwangi,leila.mwangi7316@example.com,+880180401611,BD,2025-11-11 20:48:00+00:00,active,premium,LOW,amount_spiker
CUST-000057,Rakib Petrov,rakib.petrov4890@example.com,+880173903284,BD,2026-01-15 03:13:00+00:00,active,business,MEDIUM,merchant_owner
CUST-000058,Imran Petrov,imran.petrov7435@example.com,+880136272809,BD,2026-03-03 15:40:00+00:00,active,retail,MEDIUM,shopper
CUST-000059,Sadia Chowdhury,sadia.chowdhury2768@example.com,+880135493082,BD,2026-02-16 21:29:00+00:00,active,business,MEDIUM,merchant_owner
CUST-000060,Arif Rahman,arif.rahman5575@example.com,+880132211710,BD,2025-11-27 02:22:00+00:00,active,retail,LOW,failure_prone
CUST-000061,Omar Mustafi,omar.mustafi588@example.com,+880164380188,BD,2026-03-14 14:57:00+00:00,active,retail,MEDIUM,shopper
CUST-000062,Nadia Islam,nadia.islam2235@example.com,+880146178711,BD,2025-10-01 10:12:00+00:00,active,retail,LOW,salaried
CUST-000063,Ingrid Haque,ingrid.haque1026@example.com,+880146799288,BD,2026-01-26 14:23:00+00:00,active,retail,LOW,dormant
CUST-000064,Rumana Rossi,rumana.rossi9273@example.com,+6032480639,MY,2026-05-26 01:52:00+00:00,active,premium,HIGH,amount_spiker
CUST-000065,Peter Novak,peter.novak6049@example.com,+880199824213,BD,2026-03-20 23:11:00+00:00,active,retail,LOW,salaried
CUST-000066,Aiko Delgado,aiko.delgado9216@example.com,+6589209211,SG,2026-03-21 10:33:00+00:00,active,retail,MEDIUM,shopper
CUST-000067,James Moreau,james.moreau3062@example.com,+880193341888,BD,2025-10-13 05:17:00+00:00,active,retail,LOW,shopper
CUST-000068,Ibrahim Bergman,ibrahim.bergman9564@example.com,+9187609546,IN,2026-03-04 17:23:00+00:00,active,business,MEDIUM,velocity_mule
CUST-000069,Nadia Noor,nadia.noor6650@example.com,+880189245034,BD,2026-07-07 08:56:00+00:00,active,retail,LOW,salaried
CUST-000070,Nadia Delgado,nadia.delgado2323@example.com,+880144736441,BD,2026-07-01 14:03:00+00:00,active,retail,MEDIUM,biller
CUST-000071,Leila Islam,leila.islam3532@example.com,+880171617014,BD,2026-06-18 13:52:00+00:00,active,retail,MEDIUM,salaried
CUST-000072,Kwame Sarker,kwame.sarker6740@example.com,+880137524389,BD,2026-02-01 11:39:00+00:00,active,retail,MEDIUM,shopper
CUST-000073,Lucas Hossain,lucas.hossain1590@example.com,+120284176315,US,2025-12-03 03:37:00+00:00,active,retail,LOW,salaried
CUST-000074,Shakib Rahman,shakib.rahman5535@example.com,+880175171926,BD,2026-06-24 10:25:00+00:00,active,premium,LOW,traveler
CUST-000075,Jonas Moreau,jonas.moreau439@example.com,+880170474693,BD,2026-07-24 19:22:00+00:00,active,retail,LOW,salaried
CUST-000076,Lucas Rossi,lucas.rossi8016@example.com,+880167184741,BD,2025-12-12 04:54:00+00:00,active,retail,LOW,salaried
CUST-000077,Shakib Tanaka,shakib.tanaka7128@example.com,+880188932849,BD,2026-02-03 23:42:00+00:00,active,retail,LOW,dormant
CUST-000078,Marcus Karim,marcus.karim4262@example.com,+880132637133,BD,2026-03-11 11:58:00+00:00,active,retail,LOW,biller
CUST-000079,Aiko Ferreira,aiko.ferreira2790@example.com,+6575005956,SG,2026-05-07 21:12:00+00:00,active,retail,LOW,p2p
CUST-000080,Farhana Chowdhury,farhana.chowdhury3984@example.com,+880174060094,BD,2025-12-20 18:54:00+00:00,active,retail,LOW,shopper
CUST-000081,Peter Mustafi,peter.mustafi2338@example.com,+880172711005,BD,2026-05-09 16:25:00+00:00,active,retail,LOW,salaried
CUST-000082,Rakib Sultana,rakib.sultana1642@example.com,+880195608057,BD,2025-10-09 18:43:00+00:00,active,retail,LOW,salaried
CUST-000083,Rakib Mustafi,rakib.mustafi5046@example.com,+880156449915,BD,2026-04-20 14:59:00+00:00,active,retail,HIGH,shopper
CUST-000084,Sabbir Mustafi,sabbir.mustafi241@example.com,+880186585156,BD,2026-02-20 05:57:00+00:00,active,retail,LOW,biller
CUST-000085,Rafiul Petrov,rafiul.petrov7359@example.com,+880162157749,BD,2025-11-28 06:30:00+00:00,active,retail,MEDIUM,shopper
CUST-000086,Sadia Andersen,sadia.andersen3096@example.com,+880149825802,BD,2026-04-29 18:36:00+00:00,active,retail,MEDIUM,shopper
CUST-000087,Jonas Moreau,jonas.moreau8271@example.com,+880152212441,BD,2026-05-01 03:28:00+00:00,active,retail,LOW,shopper
CUST-000088,Zara Yilmaz,zara.yilmaz8400@example.com,+4448196230,GB,2026-02-25 13:09:00+00:00,active,retail,MEDIUM,salaried
CUST-000089,Rumana Tanaka,rumana.tanaka1353@example.com,+880142762408,BD,2025-10-12 08:34:00+00:00,active,retail,MEDIUM,shopper
CUST-000090,Hiro Adeyemi,hiro.adeyemi1525@example.com,+880142430454,BD,2025-10-29 14:27:00+00:00,active,retail,LOW,shopper
CUST-000091,Rafiul Karim,rafiul.karim4828@example.com,+880131178660,BD,2026-04-16 00:40:00+00:00,active,retail,MEDIUM,failure_prone
CUST-000092,Viktor Rossi,viktor.rossi3807@example.com,+6040633581,MY,2025-10-03 03:12:00+00:00,active,retail,MEDIUM,salaried
CUST-000093,Leila Sultana,leila.sultana1680@example.com,+880183321331,BD,2026-03-11 13:21:00+00:00,active,retail,LOW,shopper
CUST-000094,Nadia Mwangi,nadia.mwangi1187@example.com,+880184948600,BD,2026-01-22 04:10:00+00:00,active,retail,LOW,salaried
CUST-000095,Jonas Haque,jonas.haque7287@example.com,+880177898580,BD,2026-05-02 10:04:00+00:00,active,retail,MEDIUM,biller
CUST-000096,Tasnim Mwangi,tasnim.mwangi5199@example.com,+880160039153,BD,2025-11-19 21:49:00+00:00,active,retail,LOW,salaried
CUST-000097,Lucas Moreau,lucas.moreau6704@example.com,+880154315695,BD,2026-04-02 07:46:00+00:00,active,retail,LOW,p2p
CUST-000098,Leila Bergman,leila.bergman2549@example.com,+880168079415,BD,2025-10-17 09:30:00+00:00,active,business,LOW,velocity_mule
CUST-000099,Mei Akter,mei.akter7936@example.com,+880131894019,BD,2026-04-02 06:26:00+00:00,dormant,retail,LOW,salaried
CUST-000100,Ingrid Ahmed,ingrid.ahmed456@example.com,+880167530096,BD,2026-05-24 09:19:00+00:00,active,retail,LOW,salaried
CUST-000101,Sabbir Lindqvist,sabbir.lindqvist4069@example.com,+120253950683,US,2026-05-19 12:13:00+00:00,active,retail,LOW,salaried
CUST-000102,Peter Haque,peter.haque5334@example.com,+880158723094,BD,2026-07-11 16:15:00+00:00,dormant,retail,MEDIUM,dormant
CUST-000103,Zara Whitfield,zara.whitfield964@example.com,+880193842440,BD,2025-12-17 06:56:00+00:00,active,retail,LOW,shopper
CUST-000104,Maliha Sultana,maliha.sultana9478@example.com,+880166321000,BD,2026-06-13 01:42:00+00:00,active,retail,LOW,shopper
CUST-000105,Leila Rahman,leila.rahman4966@example.com,+880135799119,BD,2026-05-01 01:12:00+00:00,active,retail,MEDIUM,p2p
CUST-000106,Anika Islam,anika.islam3788@example.com,+880182897013,BD,2026-05-29 15:22:00+00:00,active,retail,LOW,biller
CUST-000107,Ingrid Khan,ingrid.khan9120@example.com,+9175363041,IN,2026-03-22 20:18:00+00:00,suspended,premium,LOW,night_owl
CUST-000108,Omar Haque,omar.haque6070@example.com,+880188676828,BD,2025-12-25 19:30:00+00:00,active,retail,LOW,shopper
CUST-000109,Arif Rossi,arif.rossi4178@example.com,+880136581380,BD,2026-05-26 01:44:00+00:00,active,retail,HIGH,p2p
CUST-000110,Mei Islam,mei.islam5531@example.com,+880179889842,BD,2025-10-24 03:11:00+00:00,active,retail,LOW,biller
CUST-000111,Mehjabin Silva,mehjabin.silva4565@example.com,+880131711117,BD,2026-05-05 00:12:00+00:00,active,retail,LOW,salaried
CUST-000112,Tanvir Mwangi,tanvir.mwangi9732@example.com,+6054336342,MY,2025-11-10 02:37:00+00:00,active,retail,LOW,shopper
CUST-000113,Fatima Karim,fatima.karim6893@example.com,+880168215966,BD,2026-03-23 20:58:00+00:00,active,premium,MEDIUM,amount_spiker
CUST-000114,Rakib Kowalski,rakib.kowalski8424@example.com,+880147141621,BD,2026-02-01 17:49:00+00:00,active,retail,MEDIUM,shopper
CUST-000115,Farhana Alam,farhana.alam3650@example.com,+4444340616,GB,2026-01-29 11:44:00+00:00,active,retail,LOW,shopper
CUST-000116,Rafiul Mahmud,rafiul.mahmud5662@example.com,+880145666267,BD,2026-01-18 15:39:00+00:00,active,retail,LOW,shopper
CUST-000117,Lucas Rossi,lucas.rossi9916@example.com,+880184173016,BD,2026-03-10 00:21:00+00:00,active,business,LOW,merchant_owner
CUST-000118,Leila Chowdhury,leila.chowdhury1651@example.com,+880142460997,BD,2026-07-05 20:05:00+00:00,active,business,MEDIUM,velocity_mule
CUST-000119,Tasnim Delgado,tasnim.delgado3061@example.com,+880148454081,BD,2026-06-23 18:49:00+00:00,active,retail,MEDIUM,p2p
CUST-000120,Peter Haddad,peter.haddad4705@example.com,+880195787541,BD,2026-06-07 20:07:00+00:00,closed,business,MEDIUM,merchant_owner
CUST-000121,Nabil Nakamura,nabil.nakamura1961@example.com,+880141439936,BD,2026-02-17 20:00:00+00:00,active,retail,LOW,shopper
CUST-000122,Nusrat Bergman,nusrat.bergman7722@example.com,+97169480392,AE,2025-11-06 01:59:00+00:00,active,retail,LOW,biller
CUST-000123,Mei Diallo,mei.diallo4812@example.com,+880190636773,BD,2026-02-08 14:40:00+00:00,active,retail,MEDIUM,shopper
CUST-000124,Jonas Noor,jonas.noor5005@example.com,+880136587977,BD,2026-01-30 03:07:00+00:00,dormant,retail,MEDIUM,salaried
CUST-000125,Rumana Sharma,rumana.sharma7720@example.com,+880191878563,BD,2026-02-25 17:07:00+00:00,active,premium,HIGH,night_owl
CUST-000126,Ingrid Novak,ingrid.novak646@example.com,+880138313401,BD,2025-12-26 20:21:00+00:00,active,retail,LOW,shopper
CUST-000127,Tanvir Moreau,tanvir.moreau7777@example.com,+880166934926,BD,2026-04-29 02:07:00+00:00,active,business,LOW,merchant_owner
CUST-000128,Ravi Rahman,ravi.rahman2578@example.com,+880135268734,BD,2026-07-10 12:41:00+00:00,active,retail,MEDIUM,salaried
CUST-000129,Carmen Haddad,carmen.haddad1717@example.com,+880154392856,BD,2026-03-01 10:15:00+00:00,active,retail,LOW,salaried
CUST-000130,Imran Mwangi,imran.mwangi1355@example.com,+880162112616,BD,2026-03-18 09:16:00+00:00,suspended,retail,LOW,dormant
CUST-000131,Farhana Haddad,farhana.haddad8152@example.com,+880187765170,BD,2025-11-22 09:17:00+00:00,active,retail,MEDIUM,shopper
CUST-000132,Maliha Mwangi,maliha.mwangi7373@example.com,+880162674363,BD,2026-07-26 19:00:00+00:00,closed,premium,HIGH,night_owl
CUST-000133,Marcus Hossain,marcus.hossain3730@example.com,+880163109571,BD,2025-12-27 13:23:00+00:00,active,retail,LOW,salaried
CUST-000134,Rakib Akter,rakib.akter972@example.com,+880175488877,BD,2026-03-31 18:05:00+00:00,active,retail,MEDIUM,failure_prone
CUST-000135,Sabbir Bhuiyan,sabbir.bhuiyan7327@example.com,+880151877139,BD,2026-04-08 08:15:00+00:00,active,premium,MEDIUM,night_owl
CUST-000136,Sabbir Yilmaz,sabbir.yilmaz8220@example.com,+880174443557,BD,2026-05-26 04:00:00+00:00,active,premium,LOW,amount_spiker
CUST-000137,Farhana Silva,farhana.silva1066@example.com,+880177500310,BD,2025-10-14 19:35:00+00:00,active,retail,LOW,shopper
CUST-000138,Lucas Petrov,lucas.petrov8876@example.com,+880140692393,BD,2025-12-19 02:45:00+00:00,active,retail,LOW,shopper
CUST-000139,Anika Novak,anika.novak3183@example.com,+880153895162,BD,2025-12-23 15:11:00+00:00,dormant,retail,LOW,salaried
CUST-000140,Tasnim Costa,tasnim.costa3157@example.com,+880199368991,BD,2026-02-26 10:57:00+00:00,active,retail,LOW,biller
CUST-000141,Rumana Mahmud,rumana.mahmud5826@example.com,+880185101148,BD,2026-01-23 19:53:00+00:00,active,retail,MEDIUM,shopper
CUST-000142,Nusrat Kowalski,nusrat.kowalski5720@example.com,+9159397477,IN,2026-04-09 21:42:00+00:00,active,retail,LOW,p2p
CUST-000143,Rakib Adeyemi,rakib.adeyemi3989@example.com,+6550493299,SG,2026-03-13 01:04:00+00:00,active,retail,HIGH,biller
CUST-000144,Tanvir Ahmed,tanvir.ahmed9388@example.com,+880157646624,BD,2026-01-21 02:18:00+00:00,dormant,business,MEDIUM,velocity_mule
CUST-000145,Zara Silva,zara.silva9972@example.com,+880165584875,BD,2025-12-19 23:39:00+00:00,active,retail,LOW,p2p
CUST-000146,Anika Kowalski,anika.kowalski5915@example.com,+880181863888,BD,2026-02-20 09:31:00+00:00,active,retail,MEDIUM,shopper
CUST-000147,Mei Haddad,mei.haddad6874@example.com,+120271241705,US,2025-11-06 14:13:00+00:00,active,business,LOW,merchant_owner
CUST-000148,Ingrid Sarker,ingrid.sarker7126@example.com,+880158115972,BD,2026-01-16 05:09:00+00:00,active,retail,LOW,p2p
CUST-000149,Tanvir Karim,tanvir.karim5102@example.com,+880180535573,BD,2025-11-08 03:00:00+00:00,active,retail,LOW,biller
CUST-000150,Zara Noor,zara.noor49@example.com,+880139007491,BD,2025-10-14 23:35:00+00:00,active,retail,LOW,biller
CUST-000151,Nadia Alam,nadia.alam6757@example.com,+880160059354,BD,2025-12-16 10:08:00+00:00,suspended,retail,MEDIUM,shopper
CUST-000152,Kwame Akter,kwame.akter1861@example.com,+880158296822,BD,2026-06-19 20:07:00+00:00,active,retail,LOW,shopper
CUST-000153,Amara Whitfield,amara.whitfield7101@example.com,+880195462315,BD,2026-01-19 23:38:00+00:00,active,retail,LOW,failure_prone
CUST-000154,Lucas Silva,lucas.silva2718@example.com,+880150144254,BD,2026-03-28 02:53:00+00:00,active,premium,MEDIUM,night_owl
CUST-000155,Fatima Tanaka,fatima.tanaka4159@example.com,+880131369831,BD,2025-11-04 06:40:00+00:00,active,retail,MEDIUM,failure_prone
CUST-000156,Ravi Mahmud,ravi.mahmud4329@example.com,+880151925617,BD,2026-03-07 09:44:00+00:00,dormant,premium,LOW,traveler
CUST-000157,Omar Novak,omar.novak5745@example.com,+880133326117,BD,2026-06-01 12:55:00+00:00,active,retail,LOW,shopper
CUST-000158,Tanvir Moreau,tanvir.moreau8476@example.com,+880197011178,BD,2026-04-01 23:34:00+00:00,active,retail,LOW,shopper
CUST-000159,Mei Novak,mei.novak1174@example.com,+6573075603,SG,2026-03-25 22:25:00+00:00,active,retail,MEDIUM,dormant
CUST-000160,Anika Kowalski,anika.kowalski3319@example.com,+880173228622,BD,2025-10-23 19:43:00+00:00,active,retail,LOW,shopper
CUST-000161,Shakib Costa,shakib.costa6817@example.com,+880164003308,BD,2026-02-22 15:32:00+00:00,active,retail,MEDIUM,shopper
CUST-000162,Anika Mustafi,anika.mustafi9377@example.com,+880174413914,BD,2025-11-06 17:18:00+00:00,dormant,business,HIGH,merchant_owner
CUST-000163,Ravi Khan,ravi.khan7059@example.com,+880135405487,BD,2026-01-07 12:27:00+00:00,active,retail,LOW,biller
CUST-000164,Tasnim Rossi,tasnim.rossi9602@example.com,+6053132839,MY,2026-02-12 20:59:00+00:00,active,retail,LOW,biller
CUST-000165,Peter Hossain,peter.hossain7860@example.com,+880150744847,BD,2026-03-01 23:37:00+00:00,active,retail,LOW,shopper
CUST-000166,Nusrat Costa,nusrat.costa4933@example.com,+880199193751,BD,2026-07-10 04:24:00+00:00,active,retail,LOW,p2p
CUST-000167,Mehjabin Hossain,mehjabin.hossain4101@example.com,+880158864068,BD,2025-12-13 03:32:00+00:00,suspended,retail,LOW,shopper
CUST-000168,Zara Alam,zara.alam4606@example.com,+880159304297,BD,2025-10-28 09:13:00+00:00,active,retail,LOW,salaried
CUST-000169,Priya Khan,priya.khan3592@example.com,+880162366781,BD,2025-11-26 11:30:00+00:00,active,retail,LOW,dormant
CUST-000170,Tanvir Sultana,tanvir.sultana227@example.com,+880196880688,BD,2026-06-28 06:43:00+00:00,active,retail,MEDIUM,p2p
CUST-000171,Ibrahim Lindqvist,ibrahim.lindqvist3607@example.com,+880171577481,BD,2025-11-20 03:18:00+00:00,active,premium,LOW,night_owl
CUST-000172,Peter Whitfield,peter.whitfield6080@example.com,+880187686265,BD,2025-11-11 05:42:00+00:00,active,business,LOW,merchant_owner
CUST-000173,Rakib Moreau,rakib.moreau3248@example.com,+880165386515,BD,2026-03-07 19:57:00+00:00,active,retail,LOW,biller
CUST-000174,Sumaiya Tanaka,sumaiya.tanaka5286@example.com,+6598809728,SG,2026-02-22 02:54:00+00:00,active,retail,MEDIUM,salaried
CUST-000175,Sabbir Tanaka,sabbir.tanaka4196@example.com,+880168226654,BD,2026-02-13 10:32:00+00:00,active,retail,LOW,biller
CUST-000176,Daniel Noor,daniel.noor3656@example.com,+880166246384,BD,2026-04-17 01:28:00+00:00,active,retail,MEDIUM,salaried
CUST-000177,Ravi Hossain,ravi.hossain18@example.com,+880140408996,BD,2026-02-13 22:16:00+00:00,active,retail,LOW,salaried
CUST-000178,Hiro Hossain,hiro.hossain5772@example.com,+880151123867,BD,2025-12-18 00:01:00+00:00,active,retail,HIGH,salaried
CUST-000179,Rumana Moreau,rumana.moreau4211@example.com,+880164515001,BD,2025-12-07 10:23:00+00:00,active,retail,MEDIUM,dormant
CUST-000180,Elena Hossain,elena.hossain7007@example.com,+880163646916,BD,2026-03-25 00:06:00+00:00,active,retail,MEDIUM,salaried
CUST-000181,Viktor Alam,viktor.alam6962@example.com,+97180106293,AE,2025-10-23 16:24:00+00:00,active,retail,LOW,shopper
CUST-000182,Jonas Nakamura,jonas.nakamura2835@example.com,+880143825233,BD,2026-06-18 08:15:00+00:00,active,retail,LOW,biller
CUST-000183,Daniel Hossain,daniel.hossain3995@example.com,+880154759674,BD,2026-05-04 09:31:00+00:00,active,retail,LOW,biller
CUST-000184,Tasnim Bhuiyan,tasnim.bhuiyan5834@example.com,+880140351414,BD,2025-11-23 14:04:00+00:00,active,retail,LOW,shopper
CUST-000185,James Mustafi,james.mustafi709@example.com,+880181141264,BD,2026-07-05 21:31:00+00:00,active,retail,LOW,salaried
CUST-000186,Mei Chowdhury,mei.chowdhury7095@example.com,+880164311392,BD,2025-11-30 20:24:00+00:00,active,retail,LOW,dormant
CUST-000187,Hiro Bergman,hiro.bergman3051@example.com,+880184351449,BD,2025-11-20 01:29:00+00:00,active,premium,MEDIUM,traveler
CUST-000188,Jonas Novak,jonas.novak1157@example.com,+880148681115,BD,2026-05-31 08:27:00+00:00,active,retail,LOW,dormant
CUST-000189,Tasnim Haque,tasnim.haque803@example.com,+880199217482,BD,2026-03-21 10:59:00+00:00,active,premium,MEDIUM,traveler
CUST-000190,Elena Andersen,elena.andersen1049@example.com,+880168722070,BD,2025-10-26 06:49:00+00:00,active,retail,MEDIUM,shopper
CUST-000191,Carmen Diallo,carmen.diallo8831@example.com,+880165872498,BD,2026-04-28 20:01:00+00:00,active,retail,LOW,shopper
CUST-000192,Anika Adeyemi,anika.adeyemi7058@example.com,+880142151402,BD,2026-02-25 00:11:00+00:00,active,retail,LOW,p2p
CUST-000193,Amara Costa,amara.costa2390@example.com,+880144279060,BD,2026-01-18 17:09:00+00:00,active,retail,LOW,dormant
CUST-000194,Lucas Delgado,lucas.delgado5246@example.com,+880142916886,BD,2025-11-27 10:35:00+00:00,active,retail,LOW,dormant
CUST-000195,Elena Talukder,elena.talukder2962@example.com,+880174565319,BD,2026-07-03 05:58:00+00:00,active,retail,LOW,shopper
CUST-000196,Lucas Kowalski,lucas.kowalski313@example.com,+880190578263,BD,2026-02-20 20:25:00+00:00,suspended,retail,LOW,failure_prone
CUST-000197,Sadia Khan,sadia.khan990@example.com,+880183899312,BD,2026-06-17 04:22:00+00:00,active,retail,MEDIUM,salaried
CUST-000198,Fatima Novak,fatima.novak5561@example.com,+880198370677,BD,2026-07-01 13:55:00+00:00,active,retail,MEDIUM,dormant
CUST-000199,Zara Novak,zara.novak5602@example.com,+880140581526,BD,2026-06-30 21:13:00+00:00,active,retail,MEDIUM,failure_prone
CUST-000200,Sabbir Silva,sabbir.silva8966@example.com,+9147798845,IN,2025-11-05 18:44:00+00:00,suspended,retail,MEDIUM,biller
CUST-000201,Kwame Noor,kwame.noor8904@example.com,+880142122222,BD,2026-02-11 10:08:00+00:00,active,retail,HIGH,salaried
CUST-000202,Sadia Akter,sadia.akter2160@example.com,+880198026366,BD,2026-07-12 01:52:00+00:00,active,retail,MEDIUM,biller
CUST-000203,Peter Mahmud,peter.mahmud8645@example.com,+880188086930,BD,2026-04-22 04:43:00+00:00,active,retail,LOW,shopper
CUST-000204,Nusrat Lindqvist,nusrat.lindqvist3252@example.com,+880176170464,BD,2026-05-07 07:17:00+00:00,active,premium,HIGH,amount_spiker
CUST-000205,Nadia Sultana,nadia.sultana865@example.com,+880182967331,BD,2026-01-24 02:18:00+00:00,active,retail,MEDIUM,salaried
CUST-000206,Marcus Costa,marcus.costa4538@example.com,+880179322963,BD,2025-11-11 20:42:00+00:00,active,retail,LOW,salaried
CUST-000207,Rafiul Kowalski,rafiul.kowalski1426@example.com,+120248465826,US,2025-12-27 17:57:00+00:00,active,retail,LOW,shopper
CUST-000208,Fatima Bhuiyan,fatima.bhuiyan9858@example.com,+4431537286,GB,2026-03-19 14:06:00+00:00,active,retail,LOW,shopper
CUST-000209,Mehjabin Karim,mehjabin.karim2616@example.com,+880137983264,BD,2026-04-19 00:44:00+00:00,active,retail,LOW,shopper
CUST-000210,Nusrat Alam,nusrat.alam3112@example.com,+880179674790,BD,2026-07-18 03:53:00+00:00,active,retail,MEDIUM,shopper
CUST-000211,Lucas Yilmaz,lucas.yilmaz8201@example.com,+97147372150,AE,2025-11-21 14:02:00+00:00,active,retail,HIGH,dormant
CUST-000212,Tasnim Whitfield,tasnim.whitfield6459@example.com,+880142659168,BD,2026-03-24 00:30:00+00:00,active,retail,LOW,biller
CUST-000213,Hiro Hossain,hiro.hossain1085@example.com,+880193283744,BD,2026-02-09 23:58:00+00:00,active,retail,MEDIUM,shopper
CUST-000214,Nadia Islam,nadia.islam2648@example.com,+880159311439,BD,2026-01-20 01:43:00+00:00,active,retail,LOW,shopper
CUST-000215,Zara Akter,zara.akter345@example.com,+880167547792,BD,2026-04-23 10:50:00+00:00,active,retail,LOW,salaried
CUST-000216,Nabil Chowdhury,nabil.chowdhury450@example.com,+880165443233,BD,2026-03-18 00:48:00+00:00,active,retail,LOW,salaried
CUST-000217,Maliha Mahmud,maliha.mahmud5519@example.com,+97174771517,AE,2026-07-22 04:51:00+00:00,suspended,retail,LOW,shopper
CUST-000218,Rakib Costa,rakib.costa8723@example.com,+880141078759,BD,2026-07-28 10:40:00+00:00,active,retail,LOW,biller
CUST-000219,Tasnim Lindqvist,tasnim.lindqvist4587@example.com,+880175717616,BD,2026-04-26 23:30:00+00:00,active,retail,MEDIUM,failure_prone
CUST-000220,Zara Andersen,zara.andersen1375@example.com,+880134442970,BD,2026-02-07 19:42:00+00:00,active,business,LOW,merchant_owner
CUST-000221,Rakib Hossain,rakib.hossain7329@example.com,+4439928761,GB,2026-04-20 16:03:00+00:00,dormant,retail,MEDIUM,biller
CUST-000222,Viktor Ferreira,viktor.ferreira9767@example.com,+880189817243,BD,2026-04-19 16:14:00+00:00,active,retail,LOW,shopper
CUST-000223,Carmen Adeyemi,carmen.adeyemi9977@example.com,+880166350102,BD,2026-06-21 23:37:00+00:00,active,retail,LOW,p2p
CUST-000224,Rumana Haque,rumana.haque901@example.com,+880145169508,BD,2026-01-10 01:37:00+00:00,active,retail,LOW,biller
CUST-000225,Peter Mwangi,peter.mwangi4937@example.com,+880171494086,BD,2025-11-30 22:58:00+00:00,dormant,retail,LOW,p2p
CUST-000226,Viktor Hossain,viktor.hossain3042@example.com,+880185602225,BD,2026-02-24 00:24:00+00:00,active,retail,LOW,shopper
CUST-000227,Rumana Lindqvist,rumana.lindqvist7204@example.com,+880149500942,BD,2026-01-13 18:56:00+00:00,active,retail,LOW,dormant
CUST-000228,Marcus Diallo,marcus.diallo9509@example.com,+880187785356,BD,2025-11-04 00:30:00+00:00,active,retail,LOW,p2p
CUST-000229,Maliha Akter,maliha.akter6432@example.com,+880146864838,BD,2026-07-01 13:51:00+00:00,active,retail,LOW,biller
CUST-000230,Ibrahim Lindqvist,ibrahim.lindqvist1806@example.com,+880185374626,BD,2025-10-04 09:00:00+00:00,dormant,retail,MEDIUM,shopper
CUST-000231,Sadia Andersen,sadia.andersen2545@example.com,+880189994280,BD,2026-02-13 07:40:00+00:00,active,premium,MEDIUM,traveler
CUST-000232,Elena Kowalski,elena.kowalski3232@example.com,+880131307257,BD,2025-12-15 00:50:00+00:00,suspended,retail,LOW,biller
CUST-000233,Jonas Kowalski,jonas.kowalski9104@example.com,+880183276138,BD,2025-11-20 11:46:00+00:00,active,business,LOW,merchant_owner
CUST-000234,Hiro Bhuiyan,hiro.bhuiyan1216@example.com,+880170005498,BD,2025-12-03 08:39:00+00:00,active,retail,LOW,p2p
CUST-000235,Rafiul Mustafi,rafiul.mustafi4885@example.com,+880169543484,BD,2026-02-07 13:25:00+00:00,active,retail,LOW,failure_prone
CUST-000236,Arif Hossain,arif.hossain2840@example.com,+880185513860,BD,2025-12-27 00:22:00+00:00,active,retail,HIGH,shopper
CUST-000237,Aiko Whitfield,aiko.whitfield5778@example.com,+880177019512,BD,2026-06-29 08:47:00+00:00,active,retail,LOW,salaried
CUST-000238,Marcus Haddad,marcus.haddad9386@example.com,+880141742964,BD,2026-02-27 05:45:00+00:00,active,retail,LOW,biller
CUST-000239,Fatima Bergman,fatima.bergman3159@example.com,+880146634391,BD,2025-10-23 11:24:00+00:00,active,retail,MEDIUM,salaried
CUST-000240,Tanvir Rahman,tanvir.rahman3077@example.com,+880169751025,BD,2026-06-17 01:37:00+00:00,active,retail,LOW,shopper
CUST-000241,Imran Diallo,imran.diallo8299@example.com,+6079884591,MY,2026-02-22 01:47:00+00:00,active,retail,LOW,failure_prone
CUST-000242,Shakib Lindqvist,shakib.lindqvist5111@example.com,+880146515415,BD,2026-07-28 11:05:00+00:00,active,retail,MEDIUM,failure_prone
CUST-000243,Nusrat Andersen,nusrat.andersen5015@example.com,+880179469539,BD,2026-07-28 15:32:00+00:00,active,retail,MEDIUM,salaried
CUST-000244,Nadia Ahmed,nadia.ahmed3853@example.com,+880179663905,BD,2025-11-16 08:10:00+00:00,active,retail,MEDIUM,biller
CUST-000245,Anika Okafor,anika.okafor2485@example.com,+880168732017,BD,2026-03-14 00:00:00+00:00,active,retail,MEDIUM,biller
CUST-000246,Tasnim Yilmaz,tasnim.yilmaz1884@example.com,+120233205202,US,2026-03-11 15:35:00+00:00,active,retail,MEDIUM,failure_prone
CUST-000247,Sabbir Bhuiyan,sabbir.bhuiyan4846@example.com,+9179652825,IN,2026-01-11 02:29:00+00:00,active,retail,LOW,dormant
CUST-000248,Omar Alam,omar.alam2809@example.com,+880166128475,BD,2026-04-04 15:35:00+00:00,active,retail,LOW,shopper
CUST-000249,Hiro Mahmud,hiro.mahmud4503@example.com,+880193484308,BD,2026-05-28 16:47:00+00:00,active,retail,LOW,shopper
CUST-000250,Mei Haddad,mei.haddad2939@example.com,+880167044649,BD,2026-01-07 16:55:00+00:00,active,retail,MEDIUM,salaried
CUST-000251,Lucas Akter,lucas.akter5688@example.com,+120271547692,US,2026-07-10 21:29:00+00:00,active,business,MEDIUM,merchant_owner
CUST-000252,Aiko Moreau,aiko.moreau1945@example.com,+880175626817,BD,2026-01-26 10:16:00+00:00,active,premium,LOW,amount_spiker
CUST-000253,Maliha Costa,maliha.costa1048@example.com,+880143224576,BD,2025-10-07 04:50:00+00:00,active,retail,LOW,p2p
CUST-000254,Daniel Whitfield,daniel.whitfield8351@example.com,+880178571400,BD,2026-04-19 16:16:00+00:00,active,retail,MEDIUM,dormant
CUST-000255,Zara Talukder,zara.talukder8509@example.com,+880156053150,BD,2026-03-16 22:20:00+00:00,active,retail,MEDIUM,shopper
CUST-000256,Rakib Akter,rakib.akter8890@example.com,+880143916049,BD,2026-06-22 16:08:00+00:00,closed,retail,LOW,p2p
CUST-000257,Mei Novak,mei.novak7721@example.com,+880151997817,BD,2026-04-29 12:59:00+00:00,active,retail,LOW,shopper
CUST-000258,Amara Mustafi,amara.mustafi1800@example.com,+880166570674,BD,2025-10-19 16:22:00+00:00,active,retail,HIGH,salaried
CUST-000259,Marcus Novak,marcus.novak4526@example.com,+880178714201,BD,2026-03-16 18:21:00+00:00,active,retail,LOW,biller
CUST-000260,Leila Akter,leila.akter2718@example.com,+880146397090,BD,2025-12-24 02:26:00+00:00,active,retail,MEDIUM,salaried
CUST-000261,Mei Bergman,mei.bergman6269@example.com,+880156007624,BD,2025-12-08 00:57:00+00:00,dormant,retail,LOW,biller
CUST-000262,Daniel Nakamura,daniel.nakamura8458@example.com,+880141666440,BD,2026-07-12 13:18:00+00:00,active,retail,LOW,biller
CUST-000263,Ingrid Moreau,ingrid.moreau5152@example.com,+880192761448,BD,2026-03-02 08:35:00+00:00,active,premium,MEDIUM,night_owl
CUST-000264,Omar Yilmaz,omar.yilmaz7123@example.com,+97165903512,AE,2026-06-19 06:22:00+00:00,active,premium,LOW,night_owl
CUST-000265,Sumaiya Ahmed,sumaiya.ahmed8480@example.com,+880137464088,BD,2026-07-09 09:39:00+00:00,active,retail,LOW,shopper
CUST-000266,Shakib Karim,shakib.karim5067@example.com,+880168687100,BD,2026-07-08 13:26:00+00:00,active,retail,LOW,failure_prone
CUST-000267,Ibrahim Rahman,ibrahim.rahman7488@example.com,+880189458904,BD,2026-05-20 17:51:00+00:00,dormant,retail,MEDIUM,shopper
CUST-000268,Maliha Sharma,maliha.sharma1211@example.com,+6048965456,MY,2026-03-15 22:26:00+00:00,active,retail,LOW,salaried
CUST-000269,Priya Rossi,priya.rossi5449@example.com,+880158952874,BD,2026-07-16 12:44:00+00:00,active,business,LOW,merchant_owner
CUST-000270,Omar Talukder,omar.talukder2364@example.com,+880140007242,BD,2026-05-08 23:57:00+00:00,active,retail,MEDIUM,shopper
CUST-000271,Fatima Costa,fatima.costa4078@example.com,+880145883046,BD,2026-02-08 19:32:00+00:00,active,retail,LOW,dormant
CUST-000272,Anika Karim,anika.karim7489@example.com,+880142977082,BD,2026-05-03 23:52:00+00:00,active,retail,MEDIUM,p2p
CUST-000273,Rumana Sarker,rumana.sarker6624@example.com,+880165767756,BD,2026-01-04 11:36:00+00:00,active,retail,MEDIUM,shopper
CUST-000274,Marcus Rahman,marcus.rahman4131@example.com,+6050475167,MY,2025-11-28 11:30:00+00:00,active,retail,LOW,shopper
CUST-000275,Peter Ferreira,peter.ferreira3527@example.com,+880178798164,BD,2026-01-11 07:00:00+00:00,active,retail,LOW,shopper
CUST-000276,Ingrid Mustafi,ingrid.mustafi9602@example.com,+97157483605,AE,2025-12-18 19:00:00+00:00,active,retail,LOW,p2p
CUST-000277,Marcus Bergman,marcus.bergman7098@example.com,+880192277252,BD,2025-12-19 09:53:00+00:00,active,premium,LOW,traveler
CUST-000278,Peter Sharma,peter.sharma383@example.com,+97133762108,AE,2026-04-11 10:05:00+00:00,active,retail,MEDIUM,dormant
CUST-000279,Nadia Bhuiyan,nadia.bhuiyan8567@example.com,+880197028938,BD,2026-02-23 23:20:00+00:00,active,retail,LOW,shopper
CUST-000280,Viktor Novak,viktor.novak3550@example.com,+6584156257,SG,2026-03-21 19:12:00+00:00,active,retail,LOW,salaried
CUST-000281,Sabbir Delgado,sabbir.delgado4681@example.com,+880195867631,BD,2025-10-25 11:36:00+00:00,active,retail,LOW,dormant
CUST-000282,Ibrahim Bergman,ibrahim.bergman2819@example.com,+880132721712,BD,2026-06-17 15:10:00+00:00,active,retail,MEDIUM,shopper
CUST-000283,Lucas Delgado,lucas.delgado1100@example.com,+880150865987,BD,2025-11-13 03:05:00+00:00,active,retail,MEDIUM,shopper
CUST-000284,Sadia Ahmed,sadia.ahmed9268@example.com,+880164051675,BD,2026-03-30 16:14:00+00:00,active,retail,LOW,dormant
CUST-000285,Zara Chowdhury,zara.chowdhury3820@example.com,+97163689195,AE,2026-07-01 08:27:00+00:00,active,retail,HIGH,salaried
CUST-000286,Lucas Hossain,lucas.hossain5460@example.com,+880134899381,BD,2025-12-13 00:32:00+00:00,active,retail,MEDIUM,failure_prone
CUST-000287,Ibrahim Tanaka,ibrahim.tanaka5746@example.com,+6548739779,SG,2025-10-22 16:47:00+00:00,active,retail,LOW,salaried
CUST-000288,Rafiul Tanaka,rafiul.tanaka8264@example.com,+880142756137,BD,2026-07-24 22:41:00+00:00,active,business,MEDIUM,velocity_mule
CUST-000289,Rakib Bergman,rakib.bergman7434@example.com,+6074369814,MY,2025-12-18 13:14:00+00:00,active,retail,LOW,salaried
CUST-000290,Tanvir Moreau,tanvir.moreau3169@example.com,+880163606129,BD,2026-02-10 00:30:00+00:00,dormant,business,LOW,merchant_owner
CUST-000291,Priya Novak,priya.novak5855@example.com,+880140253406,BD,2026-04-05 10:59:00+00:00,active,retail,HIGH,biller
CUST-000292,Nabil Yilmaz,nabil.yilmaz9990@example.com,+880150718368,BD,2025-12-20 22:01:00+00:00,dormant,retail,LOW,salaried
CUST-000293,Mei Adeyemi,mei.adeyemi2497@example.com,+880179813978,BD,2026-06-25 20:26:00+00:00,active,retail,LOW,biller
CUST-000294,Tasnim Costa,tasnim.costa5821@example.com,+880188006980,BD,2025-10-01 18:06:00+00:00,active,retail,MEDIUM,dormant
CUST-000295,Farhana Moreau,farhana.moreau2480@example.com,+6067391742,MY,2026-02-28 23:28:00+00:00,active,retail,LOW,biller
CUST-000296,Mei Ferreira,mei.ferreira9290@example.com,+6042685404,MY,2026-06-19 05:38:00+00:00,active,retail,MEDIUM,p2p
CUST-000297,Nadia Haddad,nadia.haddad2337@example.com,+880188388110,BD,2026-06-17 09:10:00+00:00,active,retail,LOW,biller
CUST-000298,Zara Alam,zara.alam9246@example.com,+880169404658,BD,2025-10-10 20:01:00+00:00,active,retail,LOW,shopper
CUST-000299,Priya Mahmud,priya.mahmud5753@example.com,+120234269066,US,2025-10-31 08:17:00+00:00,active,retail,LOW,p2p
CUST-000300,Zara Hossain,zara.hossain2350@example.com,+880194012086,BD,2025-12-05 11:43:00+00:00,active,retail,MEDIUM,shopper
CUST-000301,Sabbir Ferreira,sabbir.ferreira9916@example.com,+880182644180,BD,2025-11-10 12:15:00+00:00,dormant,retail,LOW,salaried
CUST-000302,Viktor Diallo,viktor.diallo8426@example.com,+6091082918,MY,2026-05-28 07:39:00+00:00,active,retail,LOW,p2p
CUST-000303,Carmen Hossain,carmen.hossain2450@example.com,+880142812154,BD,2026-06-24 05:07:00+00:00,active,retail,LOW,shopper
CUST-000304,Maliha Ibrahimov,maliha.ibrahimov3776@example.com,+880140823164,BD,2026-04-13 16:25:00+00:00,active,retail,MEDIUM,shopper
CUST-000305,Daniel Mwangi,daniel.mwangi2783@example.com,+880189952867,BD,2025-12-16 19:46:00+00:00,active,premium,LOW,traveler
CUST-000306,Fatima Costa,fatima.costa9374@example.com,+880131898872,BD,2026-03-01 17:38:00+00:00,active,retail,LOW,p2p
CUST-000307,Sabbir Costa,sabbir.costa5661@example.com,+880144937129,BD,2026-02-20 10:40:00+00:00,active,retail,MEDIUM,salaried
CUST-000308,Viktor Khan,viktor.khan8350@example.com,+880145446111,BD,2026-04-24 06:32:00+00:00,active,retail,LOW,p2p
CUST-000309,Priya Yilmaz,priya.yilmaz7792@example.com,+880179573236,BD,2025-11-05 23:22:00+00:00,active,retail,LOW,failure_prone
CUST-000310,Kwame Bergman,kwame.bergman4094@example.com,+880178629573,BD,2026-05-26 16:10:00+00:00,active,retail,LOW,biller
CUST-000311,Nabil Delgado,nabil.delgado9006@example.com,+880165697125,BD,2026-07-06 02:29:00+00:00,active,retail,LOW,p2p
CUST-000312,Ibrahim Rahman,ibrahim.rahman1003@example.com,+880130140016,BD,2025-10-12 13:16:00+00:00,active,retail,LOW,salaried
CUST-000313,Omar Akter,omar.akter4634@example.com,+880185355015,BD,2026-07-17 17:56:00+00:00,active,retail,LOW,biller
CUST-000314,Marcus Novak,marcus.novak4370@example.com,+880150360033,BD,2026-06-21 08:12:00+00:00,active,retail,LOW,salaried
CUST-000315,Lucas Ahmed,lucas.ahmed4997@example.com,+120265006882,US,2025-10-05 11:53:00+00:00,active,retail,MEDIUM,shopper
CUST-000316,Aiko Costa,aiko.costa2180@example.com,+6054433078,MY,2026-02-07 14:19:00+00:00,active,business,LOW,merchant_owner
CUST-000317,Arif Yilmaz,arif.yilmaz443@example.com,+880171636750,BD,2026-03-20 21:24:00+00:00,dormant,retail,LOW,shopper
CUST-000318,Carmen Ahmed,carmen.ahmed6372@example.com,+880133046127,BD,2025-11-11 07:11:00+00:00,active,retail,LOW,shopper
CUST-000319,Marcus Haque,marcus.haque7182@example.com,+880196678352,BD,2026-02-26 03:21:00+00:00,active,retail,LOW,shopper
CUST-000320,Ibrahim Silva,ibrahim.silva4200@example.com,+880166858797,BD,2025-10-20 12:25:00+00:00,active,retail,MEDIUM,failure_prone
CUST-000321,Zara Rossi,zara.rossi3996@example.com,+880170531510,BD,2025-11-05 23:03:00+00:00,dormant,premium,MEDIUM,traveler
CUST-000322,Sadia Delgado,sadia.delgado6479@example.com,+880187224691,BD,2026-02-08 16:23:00+00:00,active,retail,LOW,dormant
CUST-000323,Amara Karim,amara.karim6285@example.com,+880196067855,BD,2026-06-15 10:34:00+00:00,active,retail,LOW,salaried
CUST-000324,Nadia Haddad,nadia.haddad6500@example.com,+880144401523,BD,2026-05-22 18:19:00+00:00,active,retail,LOW,shopper
CUST-000325,Sumaiya Karim,sumaiya.karim9157@example.com,+880184760116,BD,2026-01-29 05:19:00+00:00,active,retail,LOW,shopper
CUST-000326,James Nakamura,james.nakamura2875@example.com,+880130607575,BD,2026-06-17 22:29:00+00:00,active,retail,LOW,shopper
CUST-000327,Nabil Karim,nabil.karim3856@example.com,+9155655836,IN,2026-03-01 16:31:00+00:00,active,retail,LOW,salaried
CUST-000328,Nabil Petrov,nabil.petrov3339@example.com,+880199599954,BD,2026-02-08 12:03:00+00:00,active,retail,LOW,salaried
CUST-000329,Rakib Mahmud,rakib.mahmud1805@example.com,+880144326142,BD,2026-01-28 03:17:00+00:00,active,retail,LOW,shopper
CUST-000330,Leila Mahmud,leila.mahmud521@example.com,+880147950951,BD,2025-12-22 23:51:00+00:00,active,retail,LOW,salaried
CUST-000331,Anika Noor,anika.noor5960@example.com,+97136850329,AE,2026-01-20 03:09:00+00:00,active,retail,MEDIUM,p2p
CUST-000332,Priya Ferreira,priya.ferreira4982@example.com,+880176419109,BD,2026-06-25 14:42:00+00:00,active,retail,LOW,shopper
CUST-000333,Viktor Islam,viktor.islam3976@example.com,+880176405516,BD,2026-04-22 09:07:00+00:00,active,retail,LOW,salaried
CUST-000334,James Islam,james.islam5534@example.com,+880184446743,BD,2026-06-27 08:02:00+00:00,active,retail,LOW,failure_prone
CUST-000335,Imran Rahman,imran.rahman8157@example.com,+880149105411,BD,2025-11-04 07:17:00+00:00,active,business,HIGH,merchant_owner
CUST-000336,Viktor Kowalski,viktor.kowalski8243@example.com,+6093769147,MY,2026-03-05 08:35:00+00:00,active,retail,LOW,biller
CUST-000337,James Islam,james.islam3676@example.com,+880166862368,BD,2025-12-10 00:32:00+00:00,active,retail,MEDIUM,shopper
CUST-000338,Rakib Rossi,rakib.rossi3295@example.com,+6059602384,MY,2025-11-20 16:54:00+00:00,active,retail,HIGH,salaried
CUST-000339,Marcus Khan,marcus.khan355@example.com,+880151197780,BD,2026-05-28 08:12:00+00:00,active,retail,MEDIUM,dormant
CUST-000340,Aiko Rahman,aiko.rahman9541@example.com,+880133449719,BD,2026-07-07 09:58:00+00:00,active,business,LOW,merchant_owner
CUST-000341,Amara Haddad,amara.haddad8905@example.com,+880159870075,BD,2025-11-18 05:21:00+00:00,active,retail,LOW,biller
CUST-000342,Ingrid Silva,ingrid.silva3958@example.com,+880137278381,BD,2026-07-21 20:34:00+00:00,active,retail,MEDIUM,shopper
CUST-000343,Tasnim Chowdhury,tasnim.chowdhury8320@example.com,+880163233593,BD,2025-12-26 01:02:00+00:00,active,retail,MEDIUM,dormant
CUST-000344,Carmen Andersen,carmen.andersen6634@example.com,+880183320433,BD,2025-12-15 23:47:00+00:00,active,retail,MEDIUM,p2p
CUST-000345,Ibrahim Bhuiyan,ibrahim.bhuiyan5083@example.com,+880131793298,BD,2026-07-20 07:52:00+00:00,closed,retail,LOW,shopper
CUST-000346,Ibrahim Mwangi,ibrahim.mwangi335@example.com,+880188963386,BD,2026-01-01 05:28:00+00:00,active,retail,LOW,salaried
CUST-000347,Rafiul Petrov,rafiul.petrov5430@example.com,+6065583140,MY,2026-05-04 14:00:00+00:00,active,retail,LOW,p2p
CUST-000348,Peter Moreau,peter.moreau7056@example.com,+880146757819,BD,2026-04-02 02:08:00+00:00,active,retail,MEDIUM,salaried
CUST-000349,Aiko Bergman,aiko.bergman2499@example.com,+880140073610,BD,2025-12-10 02:39:00+00:00,active,premium,MEDIUM,traveler
CUST-000350,Ibrahim Haque,ibrahim.haque6839@example.com,+880174177886,BD,2025-12-22 12:59:00+00:00,active,retail,MEDIUM,biller
CUST-000351,Maliha Karim,maliha.karim9549@example.com,+880174350585,BD,2025-11-08 22:52:00+00:00,active,retail,LOW,shopper
CUST-000352,Daniel Mwangi,daniel.mwangi4251@example.com,+880185083860,BD,2025-12-03 03:35:00+00:00,active,retail,LOW,biller
CUST-000353,Tanvir Sharma,tanvir.sharma9311@example.com,+4460180222,GB,2026-04-08 01:42:00+00:00,active,retail,MEDIUM,dormant
CUST-000354,Mehjabin Petrov,mehjabin.petrov7598@example.com,+880134290694,BD,2026-05-07 22:21:00+00:00,active,retail,MEDIUM,shopper
CUST-000355,Tasnim Ahmed,tasnim.ahmed4769@example.com,+880186622772,BD,2026-06-25 07:04:00+00:00,active,retail,LOW,shopper
CUST-000356,Rafiul Hossain,rafiul.hossain3425@example.com,+880159794103,BD,2026-02-25 03:36:00+00:00,active,retail,LOW,shopper
CUST-000357,Daniel Noor,daniel.noor9570@example.com,+880166799895,BD,2025-11-07 12:44:00+00:00,active,retail,LOW,shopper
CUST-000358,Rafiul Adeyemi,rafiul.adeyemi5167@example.com,+880162750338,BD,2025-12-28 10:53:00+00:00,active,retail,MEDIUM,biller
CUST-000359,Zara Lindqvist,zara.lindqvist4089@example.com,+97146854209,AE,2026-07-27 10:35:00+00:00,active,retail,LOW,p2p
CUST-000360,Viktor Alam,viktor.alam6984@example.com,+880139526035,BD,2026-01-14 07:57:00+00:00,dormant,retail,MEDIUM,shopper
CUST-000361,Shakib Diallo,shakib.diallo5690@example.com,+880137662405,BD,2025-12-21 10:14:00+00:00,active,retail,LOW,salaried
CUST-000362,Sabbir Ferreira,sabbir.ferreira4017@example.com,+4478561737,GB,2026-03-01 03:42:00+00:00,dormant,premium,HIGH,amount_spiker
CUST-000363,Rumana Mustafi,rumana.mustafi1933@example.com,+880184746090,BD,2025-11-07 10:06:00+00:00,active,retail,LOW,failure_prone
CUST-000364,Daniel Nakamura,daniel.nakamura116@example.com,+880142227412,BD,2025-12-21 22:09:00+00:00,dormant,retail,MEDIUM,shopper
CUST-000365,Elena Mwangi,elena.mwangi141@example.com,+880132897830,BD,2026-03-06 03:27:00+00:00,active,retail,MEDIUM,salaried
CUST-000366,Ingrid Mustafi,ingrid.mustafi1191@example.com,+880142699221,BD,2025-12-21 01:59:00+00:00,active,retail,LOW,salaried
CUST-000367,Ingrid Rahman,ingrid.rahman2701@example.com,+880170626274,BD,2026-07-08 06:01:00+00:00,active,retail,LOW,biller
CUST-000368,Nabil Costa,nabil.costa3970@example.com,+880180422685,BD,2025-12-01 07:56:00+00:00,active,retail,LOW,shopper
CUST-000369,Anika Haque,anika.haque2134@example.com,+880133644245,BD,2026-07-24 01:59:00+00:00,active,retail,LOW,shopper
CUST-000370,Jonas Haque,jonas.haque2624@example.com,+880159909413,BD,2026-01-31 04:45:00+00:00,active,retail,HIGH,salaried
CUST-000371,Ravi Chowdhury,ravi.chowdhury4249@example.com,+880136992261,BD,2026-05-25 08:27:00+00:00,dormant,retail,MEDIUM,shopper
CUST-000372,Rakib Diallo,rakib.diallo3618@example.com,+880177531171,BD,2026-02-21 10:07:00+00:00,active,retail,LOW,dormant
CUST-000373,Zara Andersen,zara.andersen6367@example.com,+880190475870,BD,2025-12-09 12:15:00+00:00,dormant,premium,MEDIUM,amount_spiker
CUST-000374,Sabbir Nakamura,sabbir.nakamura82@example.com,+880183835492,BD,2026-03-10 04:34:00+00:00,active,retail,LOW,p2p
CUST-000375,Marcus Costa,marcus.costa8947@example.com,+880185442159,BD,2026-07-18 03:03:00+00:00,active,retail,MEDIUM,salaried
CUST-000376,Ibrahim Khan,ibrahim.khan6601@example.com,+880155219577,BD,2026-04-30 01:30:00+00:00,active,retail,LOW,failure_prone
CUST-000377,Zara Alam,zara.alam2592@example.com,+880187449484,BD,2026-06-12 08:46:00+00:00,active,retail,LOW,biller
CUST-000378,Tasnim Alam,tasnim.alam7756@example.com,+880169772060,BD,2026-06-18 13:16:00+00:00,active,premium,HIGH,amount_spiker
CUST-000379,Rakib Moreau,rakib.moreau5371@example.com,+880155470312,BD,2025-11-24 05:20:00+00:00,active,retail,LOW,shopper
CUST-000380,Marcus Delgado,marcus.delgado1453@example.com,+880180803490,BD,2026-02-20 13:37:00+00:00,active,premium,LOW,amount_spiker
CUST-000381,Kwame Hossain,kwame.hossain1001@example.com,+880150590048,BD,2025-10-22 19:54:00+00:00,active,premium,MEDIUM,traveler
CUST-000382,Maliha Adeyemi,maliha.adeyemi1340@example.com,+880180702017,BD,2026-02-23 18:08:00+00:00,active,business,LOW,merchant_owner
CUST-000383,Ibrahim Sarker,ibrahim.sarker436@example.com,+97149638612,AE,2025-11-18 13:12:00+00:00,active,retail,LOW,shopper
CUST-000384,Zara Rossi,zara.rossi514@example.com,+9168642957,IN,2026-05-17 06:38:00+00:00,active,retail,LOW,shopper
CUST-000385,Zara Akter,zara.akter1097@example.com,+880156006583,BD,2026-06-09 02:29:00+00:00,active,retail,LOW,p2p
CUST-000386,Leila Costa,leila.costa942@example.com,+880139959756,BD,2026-01-07 02:04:00+00:00,active,business,LOW,merchant_owner
CUST-000387,Elena Rahman,elena.rahman4683@example.com,+4484327268,GB,2025-10-27 23:28:00+00:00,active,retail,LOW,p2p
CUST-000388,Viktor Costa,viktor.costa9517@example.com,+880137380352,BD,2025-12-03 02:17:00+00:00,active,retail,LOW,biller
CUST-000389,Farhana Delgado,farhana.delgado359@example.com,+880199514117,BD,2026-02-27 08:26:00+00:00,active,retail,MEDIUM,salaried
CUST-000390,Leila Nakamura,leila.nakamura8189@example.com,+880131422544,BD,2026-03-14 10:27:00+00:00,active,business,HIGH,velocity_mule
CUST-000391,Sadia Novak,sadia.novak3502@example.com,+880179578516,BD,2025-10-21 19:33:00+00:00,active,retail,MEDIUM,shopper
CUST-000392,Sumaiya Islam,sumaiya.islam2683@example.com,+880188258370,BD,2026-07-14 17:00:00+00:00,closed,retail,MEDIUM,biller
CUST-000393,Nabil Lindqvist,nabil.lindqvist3740@example.com,+880169922517,BD,2025-10-15 19:31:00+00:00,active,retail,LOW,salaried
CUST-000394,Rafiul Lindqvist,rafiul.lindqvist4814@example.com,+880173954367,BD,2026-04-12 10:28:00+00:00,active,premium,HIGH,amount_spiker
CUST-000395,Nadia Okafor,nadia.okafor1755@example.com,+880138205586,BD,2026-02-27 12:22:00+00:00,active,retail,MEDIUM,dormant
CUST-000396,Marcus Bergman,marcus.bergman4784@example.com,+880161479810,BD,2026-03-16 15:33:00+00:00,active,retail,LOW,shopper
CUST-000397,Lucas Khan,lucas.khan1409@example.com,+880184968527,BD,2026-05-28 14:13:00+00:00,active,retail,MEDIUM,dormant
CUST-000398,Priya Karim,priya.karim1677@example.com,+880165013583,BD,2026-04-17 22:31:00+00:00,active,premium,MEDIUM,traveler
CUST-000399,Daniel Talukder,daniel.talukder3177@example.com,+880166192912,BD,2026-02-03 19:03:00+00:00,active,retail,LOW,biller
CUST-000400,Farhana Moreau,farhana.moreau751@example.com,+880150293170,BD,2026-01-29 14:02:00+00:00,active,retail,LOW,shopper
CUST-000401,Ravi Whitfield,ravi.whitfield2194@example.com,+97190138180,AE,2026-01-05 09:15:00+00:00,dormant,retail,LOW,p2p
CUST-000402,Marcus Tanaka,marcus.tanaka9120@example.com,+880160106696,BD,2026-07-22 22:31:00+00:00,active,retail,HIGH,p2p
CUST-000403,Rafiul Novak,rafiul.novak3050@example.com,+880186109380,BD,2026-06-27 13:17:00+00:00,active,retail,LOW,biller
CUST-000404,Leila Tanaka,leila.tanaka45@example.com,+880183666024,BD,2026-03-23 02:09:00+00:00,active,retail,HIGH,salaried
CUST-000405,Omar Bhuiyan,omar.bhuiyan3989@example.com,+4434409757,GB,2026-03-13 05:18:00+00:00,active,retail,LOW,salaried
CUST-000406,Peter Bergman,peter.bergman6848@example.com,+880194061582,BD,2025-12-25 23:05:00+00:00,active,retail,MEDIUM,p2p
CUST-000407,Lucas Costa,lucas.costa1680@example.com,+120286816760,US,2026-07-03 20:16:00+00:00,active,retail,LOW,salaried
CUST-000408,Mehjabin Bergman,mehjabin.bergman8614@example.com,+880165914009,BD,2026-06-09 00:22:00+00:00,active,retail,LOW,biller
CUST-000409,Ibrahim Chowdhury,ibrahim.chowdhury6499@example.com,+880147454426,BD,2026-05-03 09:42:00+00:00,active,retail,LOW,salaried
CUST-000410,Tanvir Tanaka,tanvir.tanaka5222@example.com,+880150085904,BD,2026-04-25 01:39:00+00:00,active,retail,LOW,shopper
CUST-000411,Carmen Ahmed,carmen.ahmed8370@example.com,+880185677617,BD,2026-02-03 23:12:00+00:00,active,retail,LOW,salaried
CUST-000412,Elena Alam,elena.alam8308@example.com,+880192303325,BD,2025-11-07 01:56:00+00:00,dormant,retail,MEDIUM,biller
CUST-000413,Tanvir Costa,tanvir.costa8938@example.com,+4456072285,GB,2025-12-02 02:02:00+00:00,active,retail,LOW,salaried
CUST-000414,Viktor Delgado,viktor.delgado7515@example.com,+880181104238,BD,2026-02-27 01:45:00+00:00,active,retail,LOW,shopper
CUST-000415,Nadia Ahmed,nadia.ahmed8635@example.com,+880182031895,BD,2026-04-24 10:07:00+00:00,active,retail,LOW,p2p
CUST-000416,Maliha Khan,maliha.khan8140@example.com,+880176468269,BD,2025-11-19 10:49:00+00:00,active,business,MEDIUM,merchant_owner
CUST-000417,James Noor,james.noor7038@example.com,+880181672301,BD,2026-06-20 15:18:00+00:00,active,retail,LOW,shopper
CUST-000418,Ingrid Rossi,ingrid.rossi8070@example.com,+880137409854,BD,2025-10-09 12:58:00+00:00,active,retail,LOW,shopper
CUST-000419,Ingrid Delgado,ingrid.delgado7768@example.com,+880183355855,BD,2026-02-09 09:50:00+00:00,active,retail,MEDIUM,shopper
CUST-000420,Carmen Tanaka,carmen.tanaka6711@example.com,+120232183444,US,2026-01-06 22:22:00+00:00,active,retail,MEDIUM,shopper
CUST-000421,Peter Rahman,peter.rahman9244@example.com,+880146860690,BD,2026-03-20 22:19:00+00:00,active,premium,MEDIUM,night_owl
CUST-000422,Elena Tanaka,elena.tanaka4174@example.com,+4487328318,GB,2026-05-31 14:25:00+00:00,active,retail,MEDIUM,salaried
CUST-000423,Sabbir Silva,sabbir.silva2772@example.com,+6572951271,SG,2026-06-10 04:59:00+00:00,active,retail,MEDIUM,shopper
CUST-000424,Leila Haddad,leila.haddad4082@example.com,+880148987592,BD,2026-04-18 10:18:00+00:00,active,premium,LOW,night_owl
CUST-000425,Mei Novak,mei.novak1050@example.com,+4479026491,GB,2026-01-17 11:48:00+00:00,active,retail,LOW,salaried
CUST-000426,Omar Novak,omar.novak9933@example.com,+880165583212,BD,2026-05-27 13:46:00+00:00,active,retail,MEDIUM,dormant
CUST-000427,Marcus Sarker,marcus.sarker7620@example.com,+120293704883,US,2026-01-20 15:15:00+00:00,active,retail,LOW,salaried
CUST-000428,Tanvir Mahmud,tanvir.mahmud6169@example.com,+880155696512,BD,2026-03-28 13:06:00+00:00,active,retail,LOW,biller
CUST-000429,Kwame Andersen,kwame.andersen7504@example.com,+97179400105,AE,2025-10-09 06:42:00+00:00,active,retail,LOW,shopper
CUST-000430,James Costa,james.costa233@example.com,+880148117809,BD,2026-02-24 16:34:00+00:00,active,retail,MEDIUM,shopper
CUST-000431,Fatima Andersen,fatima.andersen5896@example.com,+880167302145,BD,2026-05-02 12:31:00+00:00,active,retail,MEDIUM,salaried
CUST-000432,Arif Chowdhury,arif.chowdhury7986@example.com,+880158986912,BD,2026-01-17 21:34:00+00:00,active,business,MEDIUM,velocity_mule
CUST-000433,Zara Sultana,zara.sultana5512@example.com,+880132548763,BD,2025-11-19 21:31:00+00:00,active,premium,LOW,amount_spiker
CUST-000434,Tasnim Whitfield,tasnim.whitfield1861@example.com,+880161315566,BD,2026-01-20 23:54:00+00:00,active,retail,LOW,p2p
CUST-000435,Sabbir Moreau,sabbir.moreau7280@example.com,+97198305431,AE,2026-06-07 14:13:00+00:00,active,retail,LOW,shopper
CUST-000436,Peter Sharma,peter.sharma8540@example.com,+880151525274,BD,2025-10-08 16:42:00+00:00,active,retail,LOW,dormant
CUST-000437,Shakib Silva,shakib.silva5811@example.com,+880145844222,BD,2026-01-20 11:23:00+00:00,active,retail,MEDIUM,biller
CUST-000438,Carmen Yilmaz,carmen.yilmaz2928@example.com,+6539985367,SG,2025-12-29 06:05:00+00:00,active,retail,LOW,p2p
CUST-000439,Ravi Rossi,ravi.rossi5716@example.com,+880170931071,BD,2026-02-12 02:02:00+00:00,active,retail,MEDIUM,dormant
CUST-000440,Omar Rossi,omar.rossi3123@example.com,+880136323336,BD,2026-02-24 09:59:00+00:00,active,business,MEDIUM,velocity_mule
CUST-000441,Fatima Talukder,fatima.talukder229@example.com,+880167729606,BD,2025-11-16 16:46:00+00:00,dormant,retail,LOW,shopper
CUST-000442,Carmen Ahmed,carmen.ahmed6218@example.com,+880199172384,BD,2026-04-04 14:38:00+00:00,active,retail,MEDIUM,dormant
CUST-000443,Leila Mwangi,leila.mwangi9603@example.com,+880176754470,BD,2025-10-08 19:10:00+00:00,active,retail,MEDIUM,salaried
CUST-000444,Rakib Mustafi,rakib.mustafi3133@example.com,+880162771754,BD,2026-05-24 13:04:00+00:00,active,retail,LOW,shopper
CUST-000445,Marcus Delgado,marcus.delgado8941@example.com,+880190124292,BD,2026-07-16 12:02:00+00:00,suspended,retail,MEDIUM,shopper
CUST-000446,Hiro Mwangi,hiro.mwangi3386@example.com,+880173854135,BD,2026-07-28 09:58:00+00:00,active,premium,LOW,night_owl
CUST-000447,Daniel Mahmud,daniel.mahmud2702@example.com,+880161652045,BD,2026-07-16 17:53:00+00:00,suspended,retail,HIGH,salaried
CUST-000448,Anika Haddad,anika.haddad4028@example.com,+880166903199,BD,2025-12-30 10:06:00+00:00,active,retail,MEDIUM,biller
CUST-000449,Hiro Petrov,hiro.petrov94@example.com,+880158720132,BD,2025-11-14 07:56:00+00:00,active,business,MEDIUM,velocity_mule
CUST-000450,Leila Adeyemi,leila.adeyemi3902@example.com,+880133096509,BD,2025-12-19 09:02:00+00:00,active,premium,LOW,amount_spiker
CUST-000451,Zara Diallo,zara.diallo6070@example.com,+880139220609,BD,2026-07-27 10:34:00+00:00,active,retail,MEDIUM,failure_prone
CUST-000452,Sadia Moreau,sadia.moreau9287@example.com,+6076049092,MY,2026-06-11 02:41:00+00:00,active,retail,HIGH,shopper
CUST-000453,Farhana Ahmed,farhana.ahmed4915@example.com,+880191042253,BD,2026-07-15 16:15:00+00:00,active,premium,LOW,night_owl
CUST-000454,Lucas Moreau,lucas.moreau8548@example.com,+880183125846,BD,2026-03-30 14:16:00+00:00,active,retail,LOW,shopper
CUST-000455,Tanvir Haque,tanvir.haque4437@example.com,+120295440455,US,2026-06-30 09:54:00+00:00,active,retail,LOW,salaried
CUST-000456,Rafiul Rossi,rafiul.rossi1435@example.com,+880135747956,BD,2025-12-31 11:20:00+00:00,active,premium,LOW,amount_spiker
CUST-000457,Amara Ahmed,amara.ahmed9168@example.com,+6557616265,SG,2026-04-08 02:38:00+00:00,active,retail,MEDIUM,shopper
CUST-000458,Elena Nakamura,elena.nakamura9106@example.com,+97199181258,AE,2025-12-25 23:15:00+00:00,active,premium,LOW,night_owl
CUST-000459,Ibrahim Bhuiyan,ibrahim.bhuiyan3711@example.com,+880196961202,BD,2025-10-04 04:40:00+00:00,active,retail,LOW,salaried
CUST-000460,Lucas Moreau,lucas.moreau3896@example.com,+6566541891,SG,2026-03-21 05:45:00+00:00,dormant,premium,LOW,night_owl
CUST-000461,Omar Andersen,omar.andersen1043@example.com,+880164104436,BD,2026-04-25 19:17:00+00:00,active,retail,LOW,p2p
CUST-000462,Sumaiya Islam,sumaiya.islam5110@example.com,+6066302571,MY,2025-10-30 03:30:00+00:00,active,retail,LOW,shopper
CUST-000463,Imran Costa,imran.costa5374@example.com,+880167010198,BD,2026-07-14 18:38:00+00:00,active,retail,MEDIUM,salaried
CUST-000464,Marcus Kowalski,marcus.kowalski1801@example.com,+880158833496,BD,2026-07-13 02:32:00+00:00,active,retail,MEDIUM,shopper
CUST-000465,Hiro Ahmed,hiro.ahmed258@example.com,+880194792115,BD,2026-07-15 11:02:00+00:00,active,retail,MEDIUM,failure_prone
CUST-000466,Ibrahim Alam,ibrahim.alam4463@example.com,+97187053215,AE,2026-03-05 15:59:00+00:00,active,business,MEDIUM,merchant_owner
CUST-000467,Fatima Noor,fatima.noor8354@example.com,+880159133030,BD,2026-01-06 13:30:00+00:00,active,retail,LOW,biller
CUST-000468,Ibrahim Chowdhury,ibrahim.chowdhury9794@example.com,+880178538998,BD,2025-10-22 10:21:00+00:00,dormant,retail,MEDIUM,p2p
CUST-000469,Ravi Moreau,ravi.moreau8181@example.com,+880168442390,BD,2026-07-03 14:24:00+00:00,active,retail,MEDIUM,p2p
CUST-000470,Ravi Haque,ravi.haque5988@example.com,+880130593298,BD,2025-11-13 14:16:00+00:00,active,retail,MEDIUM,salaried
CUST-000471,Elena Okafor,elena.okafor4254@example.com,+6061735110,MY,2026-01-08 22:46:00+00:00,active,retail,LOW,salaried
CUST-000472,Farhana Chowdhury,farhana.chowdhury7397@example.com,+880153277337,BD,2025-12-08 13:02:00+00:00,active,premium,LOW,amount_spiker
CUST-000473,Ingrid Adeyemi,ingrid.adeyemi1980@example.com,+880130237140,BD,2026-04-17 01:16:00+00:00,dormant,retail,LOW,p2p
CUST-000474,Hiro Karim,hiro.karim4006@example.com,+880180160324,BD,2026-04-24 05:16:00+00:00,active,retail,LOW,shopper
CUST-000475,Sadia Mwangi,sadia.mwangi1714@example.com,+880153969624,BD,2025-10-17 01:36:00+00:00,active,retail,LOW,salaried
CUST-000476,Amara Akter,amara.akter1697@example.com,+880180398258,BD,2026-06-01 05:18:00+00:00,suspended,business,MEDIUM,merchant_owner
CUST-000477,Lucas Islam,lucas.islam2959@example.com,+6563752625,SG,2025-10-11 18:40:00+00:00,active,retail,LOW,salaried
CUST-000478,Leila Sarker,leila.sarker7493@example.com,+880185578443,BD,2026-05-10 17:25:00+00:00,active,retail,MEDIUM,biller
CUST-000479,Hiro Whitfield,hiro.whitfield7451@example.com,+880155764269,BD,2026-07-27 06:34:00+00:00,dormant,retail,LOW,dormant
CUST-000480,Peter Alam,peter.alam7834@example.com,+880186467294,BD,2026-03-22 22:12:00+00:00,active,retail,LOW,p2p
CUST-000481,Leila Mwangi,leila.mwangi1127@example.com,+880188699229,BD,2026-06-18 00:15:00+00:00,active,retail,LOW,shopper
CUST-000482,Mei Moreau,mei.moreau1512@example.com,+880138967269,BD,2026-05-12 13:59:00+00:00,active,retail,LOW,p2p
CUST-000483,Zara Haddad,zara.haddad878@example.com,+880185487474,BD,2025-12-27 09:32:00+00:00,active,retail,LOW,salaried
CUST-000484,James Costa,james.costa9589@example.com,+880154475436,BD,2026-05-02 15:58:00+00:00,active,retail,LOW,shopper
CUST-000485,Peter Ibrahimov,peter.ibrahimov45@example.com,+880143254222,BD,2026-01-26 09:43:00+00:00,active,retail,LOW,salaried
CUST-000486,Rumana Mustafi,rumana.mustafi4946@example.com,+9148602989,IN,2026-03-09 04:31:00+00:00,active,retail,MEDIUM,biller
CUST-000487,Rafiul Nakamura,rafiul.nakamura9239@example.com,+880160334847,BD,2025-10-09 22:34:00+00:00,active,retail,LOW,shopper
CUST-000488,Sumaiya Delgado,sumaiya.delgado9227@example.com,+880199500513,BD,2025-12-04 10:14:00+00:00,active,retail,LOW,salaried
CUST-000489,Rafiul Tanaka,rafiul.tanaka9620@example.com,+6530922648,SG,2026-05-17 14:06:00+00:00,active,retail,LOW,salaried
CUST-000490,Daniel Costa,daniel.costa417@example.com,+880186569277,BD,2026-04-27 12:44:00+00:00,active,business,MEDIUM,velocity_mule
CUST-000491,Aiko Noor,aiko.noor1089@example.com,+6067513300,MY,2026-03-20 04:56:00+00:00,active,retail,LOW,salaried
CUST-000492,Aiko Ahmed,aiko.ahmed1916@example.com,+880142792491,BD,2025-10-21 21:37:00+00:00,active,retail,MEDIUM,p2p
CUST-000493,Nabil Khan,nabil.khan2612@example.com,+880194721135,BD,2026-04-22 12:29:00+00:00,active,retail,LOW,shopper
CUST-000494,Maliha Mahmud,maliha.mahmud7734@example.com,+880145391933,BD,2026-07-22 06:01:00+00:00,active,retail,LOW,shopper
CUST-000495,Zara Silva,zara.silva2353@example.com,+880178256547,BD,2025-10-18 10:49:00+00:00,active,retail,LOW,dormant
CUST-000496,Arif Silva,arif.silva9537@example.com,+880157312779,BD,2025-10-06 19:40:00+00:00,active,premium,LOW,night_owl
CUST-000497,Mei Sharma,mei.sharma8392@example.com,+9170303535,IN,2026-03-10 04:23:00+00:00,active,retail,LOW,salaried
CUST-000498,Kwame Bergman,kwame.bergman5001@example.com,+880145230729,BD,2026-02-02 22:55:00+00:00,active,retail,LOW,biller
CUST-000499,Imran Ferreira,imran.ferreira6090@example.com,+880195095556,BD,2026-04-17 08:24:00+00:00,active,premium,MEDIUM,night_owl
CUST-000500,Sabbir Whitfield,sabbir.whitfield8190@example.com,+880144989941,BD,2026-03-21 11:43:00+00:00,active,retail,MEDIUM,shopper
CUST-000501,Ravi Akter,ravi.akter6413@example.com,+880141030466,BD,2026-07-28 17:47:00+00:00,active,retail,LOW,salaried
CUST-000502,Lucas Haddad,lucas.haddad7452@example.com,+880197730765,BD,2026-04-03 19:33:00+00:00,active,retail,MEDIUM,shopper
CUST-000503,Sabbir Mahmud,sabbir.mahmud7360@example.com,+880143885243,BD,2026-07-20 00:14:00+00:00,active,retail,MEDIUM,biller
CUST-000504,Ingrid Noor,ingrid.noor6344@example.com,+880161625382,BD,2026-03-24 17:04:00+00:00,dormant,retail,LOW,dormant
CUST-000505,Zara Haddad,zara.haddad4591@example.com,+120237942609,US,2026-04-24 10:06:00+00:00,active,retail,LOW,p2p
CUST-000506,Tanvir Sultana,tanvir.sultana5586@example.com,+880134314274,BD,2026-01-27 07:21:00+00:00,active,retail,LOW,p2p
CUST-000507,Tasnim Bergman,tasnim.bergman8082@example.com,+880184035303,BD,2026-01-10 04:52:00+00:00,active,retail,LOW,salaried
CUST-000508,Zara Novak,zara.novak8582@example.com,+880146414463,BD,2026-06-09 16:43:00+00:00,active,retail,MEDIUM,failure_prone
CUST-000509,Nusrat Khan,nusrat.khan6852@example.com,+6041584079,MY,2026-04-01 10:21:00+00:00,active,retail,LOW,p2p
CUST-000510,Hiro Mustafi,hiro.mustafi8953@example.com,+880131851813,BD,2025-10-19 17:17:00+00:00,active,retail,LOW,shopper
CUST-000511,Viktor Haque,viktor.haque9658@example.com,+880165612022,BD,2026-07-24 08:34:00+00:00,active,retail,LOW,dormant
CUST-000512,Carmen Islam,carmen.islam768@example.com,+880198423987,BD,2026-01-30 04:38:00+00:00,dormant,retail,MEDIUM,salaried
CUST-000513,Mei Akter,mei.akter8255@example.com,+880164023424,BD,2026-02-07 16:37:00+00:00,active,retail,LOW,biller
CUST-000514,Nusrat Akter,nusrat.akter5102@example.com,+6061349732,MY,2026-07-26 21:47:00+00:00,active,retail,MEDIUM,shopper
CUST-000515,Ingrid Bergman,ingrid.bergman9579@example.com,+120238354783,US,2026-01-05 19:17:00+00:00,active,retail,MEDIUM,shopper
CUST-000516,Jonas Haddad,jonas.haddad4787@example.com,+880162958707,BD,2025-12-13 11:02:00+00:00,active,retail,LOW,shopper
CUST-000517,Arif Okafor,arif.okafor2686@example.com,+880162586658,BD,2025-10-20 03:45:00+00:00,active,retail,LOW,salaried
CUST-000518,Nusrat Mustafi,nusrat.mustafi4310@example.com,+880139411391,BD,2025-10-26 13:31:00+00:00,active,retail,HIGH,salaried
CUST-000519,Arif Kowalski,arif.kowalski2448@example.com,+97150032638,AE,2025-10-10 06:32:00+00:00,active,retail,LOW,shopper
CUST-000520,Shakib Ferreira,shakib.ferreira3924@example.com,+880194779432,BD,2026-07-10 18:38:00+00:00,dormant,retail,LOW,biller
CUST-000521,Maliha Lindqvist,maliha.lindqvist8577@example.com,+9140133437,IN,2025-11-25 15:36:00+00:00,active,premium,MEDIUM,amount_spiker
CUST-000522,Priya Rahman,priya.rahman5797@example.com,+880130364801,BD,2026-05-13 12:08:00+00:00,active,retail,LOW,salaried
CUST-000523,Tasnim Nakamura,tasnim.nakamura6846@example.com,+880142178833,BD,2025-12-01 13:28:00+00:00,active,retail,MEDIUM,failure_prone
CUST-000524,Daniel Rossi,daniel.rossi707@example.com,+880182621731,BD,2025-11-04 00:02:00+00:00,active,retail,LOW,biller
CUST-000525,Leila Mustafi,leila.mustafi6052@example.com,+880166397384,BD,2025-11-15 15:55:00+00:00,dormant,retail,LOW,dormant
CUST-000526,Leila Karim,leila.karim8326@example.com,+880170335495,BD,2026-05-18 21:52:00+00:00,active,retail,LOW,salaried
CUST-000527,Farhana Kowalski,farhana.kowalski6735@example.com,+120252387815,US,2025-10-19 18:17:00+00:00,suspended,retail,LOW,shopper
CUST-000528,Zara Costa,zara.costa1173@example.com,+120269719148,US,2026-06-17 10:41:00+00:00,active,retail,LOW,shopper
CUST-000529,Tasnim Karim,tasnim.karim813@example.com,+880157169895,BD,2026-05-19 06:03:00+00:00,active,retail,MEDIUM,p2p
CUST-000530,Ibrahim Akter,ibrahim.akter2599@example.com,+4459516345,GB,2026-03-22 08:58:00+00:00,active,retail,MEDIUM,biller
CUST-000531,Omar Delgado,omar.delgado5063@example.com,+880193992176,BD,2026-02-11 23:04:00+00:00,active,retail,LOW,dormant
CUST-000532,Elena Ferreira,elena.ferreira7992@example.com,+880182073952,BD,2026-04-05 20:04:00+00:00,active,retail,LOW,salaried
CUST-000533,Carmen Costa,carmen.costa4373@example.com,+880169562175,BD,2025-12-16 22:14:00+00:00,active,retail,LOW,dormant
CUST-000534,Nabil Khan,nabil.khan1460@example.com,+880141249708,BD,2026-07-04 00:43:00+00:00,active,retail,MEDIUM,failure_prone
CUST-000535,Fatima Delgado,fatima.delgado3641@example.com,+880183704759,BD,2025-12-15 21:07:00+00:00,active,premium,LOW,night_owl
CUST-000536,Omar Sarker,omar.sarker6883@example.com,+880166962772,BD,2026-01-29 15:35:00+00:00,active,retail,MEDIUM,shopper
CUST-000537,Ravi Delgado,ravi.delgado2997@example.com,+880174918462,BD,2026-07-04 14:27:00+00:00,active,retail,LOW,shopper
CUST-000538,Marcus Bhuiyan,marcus.bhuiyan6576@example.com,+880190331863,BD,2026-06-01 01:31:00+00:00,active,retail,MEDIUM,biller
CUST-000539,Tasnim Ahmed,tasnim.ahmed6188@example.com,+880153429720,BD,2025-10-31 16:03:00+00:00,active,retail,MEDIUM,biller
CUST-000540,Anika Andersen,anika.andersen3161@example.com,+880181873090,BD,2026-05-12 02:04:00+00:00,active,retail,LOW,p2p
CUST-000541,Lucas Tanaka,lucas.tanaka6777@example.com,+880179375960,BD,2025-11-06 20:37:00+00:00,active,business,LOW,merchant_owner
CUST-000542,Jonas Mwangi,jonas.mwangi2601@example.com,+880196470274,BD,2025-11-26 14:09:00+00:00,active,retail,MEDIUM,salaried
CUST-000543,Leila Kowalski,leila.kowalski7920@example.com,+120238992311,US,2026-03-21 22:09:00+00:00,suspended,retail,LOW,shopper
CUST-000544,Farhana Mustafi,farhana.mustafi3064@example.com,+880139062000,BD,2025-10-09 18:17:00+00:00,active,retail,MEDIUM,biller
CUST-000545,James Kowalski,james.kowalski9078@example.com,+880180067545,BD,2026-04-15 09:04:00+00:00,dormant,retail,LOW,biller
CUST-000546,Carmen Noor,carmen.noor4768@example.com,+880139226235,BD,2025-10-09 21:08:00+00:00,active,retail,LOW,p2p
CUST-000547,Zara Okafor,zara.okafor6422@example.com,+97193302177,AE,2025-11-04 14:57:00+00:00,active,retail,LOW,salaried
CUST-000548,Nadia Rahman,nadia.rahman2321@example.com,+880190055396,BD,2025-11-26 10:42:00+00:00,active,premium,MEDIUM,traveler
CUST-000549,Rakib Petrov,rakib.petrov3806@example.com,+880134091301,BD,2026-04-16 00:06:00+00:00,active,retail,LOW,p2p
CUST-000550,Nabil Lindqvist,nabil.lindqvist6135@example.com,+880136140649,BD,2026-01-11 17:28:00+00:00,active,retail,LOW,dormant
CUST-000551,Ravi Ahmed,ravi.ahmed8905@example.com,+880169843007,BD,2026-02-24 08:18:00+00:00,active,premium,LOW,traveler
CUST-000552,Marcus Adeyemi,marcus.adeyemi5405@example.com,+4481427230,GB,2026-05-10 01:03:00+00:00,active,business,MEDIUM,velocity_mule
CUST-000553,Tasnim Hossain,tasnim.hossain405@example.com,+880152911228,BD,2026-03-28 12:43:00+00:00,active,retail,MEDIUM,salaried
CUST-000554,Elena Adeyemi,elena.adeyemi9847@example.com,+880159148983,BD,2026-04-12 09:42:00+00:00,active,business,LOW,velocity_mule
CUST-000555,Omar Sultana,omar.sultana9415@example.com,+880138610538,BD,2025-10-02 11:06:00+00:00,active,retail,LOW,biller
CUST-000556,Ingrid Chowdhury,ingrid.chowdhury2040@example.com,+880188234975,BD,2025-10-09 01:31:00+00:00,active,retail,LOW,shopper
CUST-000557,Tanvir Delgado,tanvir.delgado1656@example.com,+880130650891,BD,2026-04-26 10:07:00+00:00,dormant,retail,LOW,salaried
CUST-000558,Omar Adeyemi,omar.adeyemi2714@example.com,+6548491939,SG,2025-11-27 23:13:00+00:00,active,retail,LOW,p2p
CUST-000559,Ibrahim Sharma,ibrahim.sharma9062@example.com,+880154219735,BD,2026-06-22 08:47:00+00:00,active,retail,MEDIUM,salaried
CUST-000560,Daniel Ibrahimov,daniel.ibrahimov6164@example.com,+880185540915,BD,2026-03-22 18:01:00+00:00,active,retail,MEDIUM,shopper
CUST-000561,Sadia Adeyemi,sadia.adeyemi6476@example.com,+880160809423,BD,2025-12-13 00:40:00+00:00,suspended,retail,LOW,p2p
CUST-000562,Anika Haque,anika.haque5855@example.com,+880194268106,BD,2025-12-20 08:29:00+00:00,active,retail,LOW,salaried
CUST-000563,Hiro Islam,hiro.islam2708@example.com,+120239479134,US,2026-07-28 16:31:00+00:00,active,retail,LOW,shopper
CUST-000564,Peter Bhuiyan,peter.bhuiyan7191@example.com,+880174455890,BD,2025-10-23 19:20:00+00:00,active,retail,LOW,dormant
CUST-000565,Arif Delgado,arif.delgado2437@example.com,+880142490127,BD,2026-01-25 08:02:00+00:00,active,retail,LOW,shopper
CUST-000566,Daniel Adeyemi,daniel.adeyemi7417@example.com,+880167042973,BD,2026-05-26 21:06:00+00:00,active,retail,LOW,p2p
CUST-000567,Imran Silva,imran.silva9463@example.com,+880156818333,BD,2026-01-16 04:22:00+00:00,closed,retail,MEDIUM,failure_prone
CUST-000568,Kwame Sultana,kwame.sultana5790@example.com,+880149403156,BD,2026-05-30 01:09:00+00:00,active,retail,MEDIUM,biller
CUST-000569,Daniel Islam,daniel.islam8231@example.com,+6094882271,MY,2026-02-06 02:54:00+00:00,active,premium,LOW,night_owl
CUST-000570,Mehjabin Rahman,mehjabin.rahman908@example.com,+880150592571,BD,2026-01-27 04:35:00+00:00,active,retail,LOW,p2p
CUST-000571,Carmen Moreau,carmen.moreau4083@example.com,+880177496027,BD,2026-03-02 10:56:00+00:00,active,retail,HIGH,salaried
CUST-000572,Lucas Delgado,lucas.delgado7867@example.com,+6591071447,SG,2025-11-12 18:18:00+00:00,active,retail,LOW,salaried
CUST-000573,Mehjabin Petrov,mehjabin.petrov4111@example.com,+880199347969,BD,2025-10-22 13:34:00+00:00,active,retail,LOW,salaried
CUST-000574,Kwame Sharma,kwame.sharma2324@example.com,+880183632328,BD,2026-02-22 13:15:00+00:00,active,premium,LOW,night_owl
CUST-000575,Omar Tanaka,omar.tanaka8092@example.com,+9157690427,IN,2026-02-05 10:05:00+00:00,active,retail,MEDIUM,shopper
CUST-000576,Shakib Diallo,shakib.diallo2001@example.com,+880186592899,BD,2026-05-25 15:38:00+00:00,active,retail,LOW,biller
CUST-000577,Lucas Chowdhury,lucas.chowdhury9236@example.com,+880187635374,BD,2026-03-03 02:12:00+00:00,active,retail,LOW,biller
CUST-000578,Sumaiya Talukder,sumaiya.talukder2011@example.com,+880199876019,BD,2025-10-05 03:34:00+00:00,active,retail,LOW,p2p
CUST-000579,Marcus Mwangi,marcus.mwangi6053@example.com,+880135513911,BD,2025-10-21 19:02:00+00:00,active,retail,LOW,biller
CUST-000580,Carmen Delgado,carmen.delgado2238@example.com,+6594786170,SG,2025-10-07 18:13:00+00:00,active,retail,LOW,biller
CUST-000581,Ibrahim Okafor,ibrahim.okafor1382@example.com,+120255043570,US,2025-10-01 21:10:00+00:00,active,retail,LOW,dormant
CUST-000582,Farhana Noor,farhana.noor7809@example.com,+880148644216,BD,2026-06-05 16:35:00+00:00,active,premium,MEDIUM,night_owl
CUST-000583,Priya Mustafi,priya.mustafi9982@example.com,+880153808334,BD,2025-10-30 05:05:00+00:00,active,retail,MEDIUM,biller
CUST-000584,Priya Mwangi,priya.mwangi2350@example.com,+880152375826,BD,2026-07-25 07:56:00+00:00,active,retail,LOW,salaried
CUST-000585,Zara Rossi,zara.rossi5705@example.com,+880164240629,BD,2026-04-30 04:17:00+00:00,active,business,MEDIUM,merchant_owner
CUST-000586,Priya Adeyemi,priya.adeyemi920@example.com,+880193237540,BD,2026-01-16 14:14:00+00:00,active,retail,LOW,shopper
CUST-000587,Shakib Petrov,shakib.petrov9894@example.com,+880170012171,BD,2026-03-18 15:27:00+00:00,active,retail,LOW,shopper
CUST-000588,Viktor Alam,viktor.alam1288@example.com,+880189283591,BD,2026-02-01 21:01:00+00:00,active,retail,LOW,salaried
CUST-000589,Mei Okafor,mei.okafor790@example.com,+880137452955,BD,2025-10-26 01:09:00+00:00,active,retail,MEDIUM,salaried
CUST-000590,Sadia Karim,sadia.karim9258@example.com,+880135327988,BD,2026-04-23 19:51:00+00:00,active,retail,LOW,shopper
CUST-000591,Ingrid Sarker,ingrid.sarker2245@example.com,+880148361467,BD,2026-02-25 14:08:00+00:00,active,premium,MEDIUM,amount_spiker
CUST-000592,Ingrid Sarker,ingrid.sarker5602@example.com,+880180748871,BD,2026-01-07 16:32:00+00:00,active,retail,MEDIUM,failure_prone
CUST-000593,Peter Ibrahimov,peter.ibrahimov8305@example.com,+880172642150,BD,2026-03-24 01:52:00+00:00,active,retail,LOW,shopper
CUST-000594,Carmen Alam,carmen.alam7436@example.com,+880197802183,BD,2026-07-21 16:18:00+00:00,active,retail,MEDIUM,shopper
CUST-000595,Marcus Diallo,marcus.diallo4474@example.com,+880187483327,BD,2026-01-20 18:04:00+00:00,dormant,retail,LOW,salaried
CUST-000596,Ingrid Alam,ingrid.alam1128@example.com,+880149913843,BD,2026-06-25 21:02:00+00:00,active,premium,LOW,traveler
CUST-000597,Hiro Islam,hiro.islam5837@example.com,+6594163183,SG,2026-01-18 11:19:00+00:00,active,retail,MEDIUM,shopper
CUST-000598,Carmen Islam,carmen.islam2149@example.com,+880173554244,BD,2025-11-14 02:02:00+00:00,active,retail,MEDIUM,shopper
CUST-000599,Imran Novak,imran.novak992@example.com,+880174610038,BD,2025-11-11 21:56:00+00:00,active,retail,LOW,salaried
CUST-000600,Rakib Talukder,rakib.talukder6359@example.com,+880184787092,BD,2025-10-04 20:57:00+00:00,active,retail,MEDIUM,biller
