device_id,os,model,trusted,first_seen
DEV-00001,Android 14,OrbitNote 9,true,2024-10-23 00:00:00+00:00
DEV-00002,iOS 16,iSphere 13,true,2024-06-22 00:00:00+00:00
DEV-00003,Windows 11,FusionBook Pro,true,2025-03-31 00:00:00+00:00
DEV-00004,iOS 17,iSphere Mini,true,2025-02-11 00:00:00+00:00
DEV-00005,Android 14,Pixel Vista X,true,2024-10-25 00:00:00+00:00
DEV-00006,macOS 14,PearBook Air,true,2024-11-16 00:00:00+00:00
DEV-00007,macOS 14,PearBook Air,true,2025-02-26 00:00:00+00:00
DEV-00008,iOS 17,iSphere Mini,true,2025-04-28 00:00:00+00:00
DEV-00009,Android 14,Pixel Vista X,true,2025-06-30 00:00:00+00:00
DEV-00010,Windows 11,FusionBook Pro,true,2025-07-22 00:00:00+00:00
DEV-00011,Android 13,NovaPhone 12,true,2024-10-21 00:00:00+00:00
DEV-00012,Android 14,OrbitNote 9,true,2025-08-30 00:00:00+00:00
DEV-00013,Android 14,OrbitNote 9,true,2024-10-24 00:00:00+00:00
DEV-00014,macOS 14,PearBook Air,true,2025-02-14 00:00:00+00:00
DEV-00015,Windows 11,FusionBook Pro,true,2025-04-24 00:00:00+00:00
DEV-00016,Android 13,TigerTab 8,true,2025-01-04 00:00:00+00:00
DEV-00017,Android 13,NovaPhone 12,true,2024-09-09 00:00:00+00:00
DEV-00018,Android 13,TigerTab 8,true,2024-12-03 00:00:00+00:00
DEV-00019,Android 14,Pixel Vista X,true,2024-12-03 00:00:00+00:00
DEV-00020,macOS 14,PearBook Air,true,2024-10-23 00:00:00+00:00
DEV-00021,Android 14,Pixel Vista X,true,2025-04-22 00:00:00+00:00
DEV-00022,iOS 17,iSphere Mini,true,2025-01-14 00:00:00+00:00
DEV-00023,Android 13,NovaPhone 12,true,2025-03-15 00:00:00+00:00
DEV-00024,Android 14,Pixel Vista X,false,2025-07-13 00:00:00+00:00
DEV-00025,iOS 16,iSphere 13,true,2025-07-18 00:00:00+00:00
DEV-00026,Android 13,TigerTab 8,false,2024-07-15 00:00:00+00:00
DEV-00027,iOS 16,iSphere 13,true,2024-08-12 00:00:00+00:00
DEV-00028,Windows 11,FusionBook Pro,true,2024-10-03 00:00:00+00:00
DEV-00029,Windows 11,FusionBook Pro,true,2024-05-25 00:00:00+00:00
DEV-00030,macOS 14,PearBook Air,true,2024-05-19 00:00:00+00:00
DEV-00031,Android 13,TigerTab 8,false,2025-08-29 00:00:00+00:00
DEV-00032,Android 13,TigerTab 8,true,2025-06-16 00:00:00+00:00
DEV-00033,iOS 17,iSphere Mini,true,2025-05-02 00:00:00+00:00
DEV-00034,Android 14,Pixel Vista X,true,2024-08-20 00:00:00+00:00
DEV-00035,Android 14,OrbitNote 9,true,2024-06-27 00:00:00+00:00
DEV-00036,iOS 16,iSphere 13,true,2025-08-16 00:00:00+00:00
DEV-00037,macOS 14,PearBook Air,true,2025-08-09 00:00:00+00:00
DEV-00038,iOS 17,iSphere Mini,true,2025-06-16 00:00:00+00:00
DEV-00039,Android 14,OrbitNote 9,true,2025-07-15 00:00:00+00:00
DEV-00040,macOS 14,PearBook Air,true,2025-04-29 00:00:00+00:00
DEV-00041,iOS 17,iSphere Mini,true,2025-05-17 00:00:00+00:00
DEV-00042,macOS 14,PearBook Air,true,2025-05-29 00:00:00+00:00
DEV-00043,Android 12,ZenLite 5,true,2025-08-23 00:00:00+00:00
DEV-00044,Android 14,Pixel Vista X,true,2025-01-07 00:00:00+00:00
DEV-00045,Android 14,OrbitNote 9,true,2025-04-16 00:00:00+00:00
DEV-00046,Android 12,ZenLite 5,true,2025-02-27 00:00:00+00:00
DEV-00047,iOS 17,iSphere 15,true,2024-07-11 00:00:00+00:00
DEV-00048,Android 14,Pixel Vista X,true,2024-09-09 00:00:00+00:00
DEV-00049,Windows 11,FusionBook Pro,true,2024-06-21 00:00:00+00:00
DEV-00050,Windows 11,FusionBook Pro,true,2024-09-09 00:00:00+00:00
DEV-00051,macOS 14,PearBook Air,true,2025-08-06 00:00:00+00:00
DEV-00052,iOS 16,iSphere 13,true,2024-09-04 00:00:00+00:00
DEV-00053,Android 14,Pixel Vista X,false,2024-08-25 00:00:00+00:00
DEV-00054,Android 14,OrbitNote 9,true,2024-06-13 00:00:00+00:00
DEV-00055,iOS 17,iSphere 15,true,2025-02-17 00:00:00+00:00
DEV-00056,macOS 14,PearBook Air,false,2025-05-29 00:00:00+00:00
DEV-00057,Windows 11,FusionBook Pro,true,2025-08-21 00:00:00+00:00
DEV-00058,macOS 14,PearBook Air,true,2024-05-28 00:00:00+00:00
DEV-00059,Windows 11,FusionBook Pro,true,2024-10-11 00:00:00+00:00
DEV-00060,iOS 17,iSphere 15,true,2025-08-10 00:00:00+00:00
DEV-00061,Android 13,NovaPhone 12,true,2024-07-07 00:00:00+00:00
DEV-00062,iOS 17,iSphere 15,true,2025-05-05 00:00:00+00:00
DEV-00063,Windows 11,FusionBook Pro,true,2024-08-24 00:00:00+00:00
DEV-00064,iOS 17,iSphere Mini,true,2025-02-16 00:00:00+00:00
DEV-00065,macOS 14,PearBook Air,true,2024-08-20 00:00:00+00:00
DEV-00066,Android 13,NovaPhone 12,true,2025-04-13 00:00:00+00:00
DEV-00067,Android 13,NovaPhone 12,true,2025-01-07 00:00:00+00:00
DEV-00068,macOS 14,PearBook Air,true,2025-03-10 00:00:00+00:00
DEV-00069,Android 14,Pixel Vista X,true,2024-12-29 00:00:00+00:00
DEV-00070,iOS 16,iSphere 13,true,2024-07-04 00:00:00+00:00
DEV-00071,Android 13,TigerTab 8,true,2024-07-27 00:00:00+00:00
DEV-00072,Android 12,ZenLite 5,true,2025-06-10 00:00:00+00:00
DEV-00073,iOS 17,iSphere Mini,true,2024-07-04 00:00:00+00:00
DEV-00074,Android 14,Pixel Vista X,true,2024-07-14 00:00:00+00:00
DEV-00075,Windows 11,FusionBook Pro,true,2024-10-27 00:00:00+00:00
DEV-00076,iOS 17,iSphere Mini,true,2024-11-01 00:00:00+00:00
DEV-00077,Android 13,TigerTab 8,true,2025-04-16 00:00:00+00:00
DEV-00078,Android 14,OrbitNote 9,true,2024-06-21 00:00:00+00:00
DEV-00079,Windows 11,FusionBook Pro,true,2025-05-11 00:00:00+00:00
DEV-00080,iOS 16,iSphere 13,true,2025-03-18 00:00:00+00:00
DEV-00081,Windows 11,FusionBook Pro,false,2024-08-23 00:00:00+00:00
DEV-00082,iOS 17,iSphere Mini,true,2024-07-21 00:00:00+00:00
DEV-00083,iOS 17,iSphere Mini,true,2024-11-17 00:00:00+00:00
DEV-00084,Android 13,TigerTab 8,true,2024-10-17 00:00:00+00:00
DEV-00085,Android 14,OrbitNote 9,true,2025-02-01 00:00:00+00:00
DEV-00086,Android 14,Pixel Vista X,true,2024-06-29 00:00:00+00:00
DEV-00087,Android 12,ZenLite 5,true,2024-12-12 00:00:00+00:00
DEV-00088,Android 14,Pixel Vista X,true,2025-03-26 00:00:00+00:00
DEV-00089,Android 12,ZenLite 5,true,2024-12-15 00:00:00+00:00
DEV-00090,Android 14,Pixel Vista X,true,2025-04-18 00:00:00+00:00
DEV-00091,Android 14,Pixel Vista X,true,2025-03-16 00:00:00+00:00
DEV-00092,iOS 16,iSphere 13,true,2024-10-10 00:00:00+00:00
DEV-00093,iOS 17,iSphere 15,true,2024-09-19 00:00:00+00:00
DEV-00094,Android 12,ZenLite 5,true,2024-08-22 00:00:00+00:00
DEV-00095,Android 12,ZenLite 5,true,2025-02-26 00:00:00+00:00
DEV-00096,iOS 16,iSphere 13,false,2025-03-24 00:00:00+00:00
DEV-00097,Android 13,TigerTab 8,true,2024-12-29 00:00:00+00:00
DEV-00098,iOS 16,iSphere 13,true,2024-12-16 00:00:00+00:00
DEV-00099,Android 14,Pixel Vista X,true,2024-10-21 00:00:00+00:00
DEV-00100,iOS 17,iSphere 15,true,2025-07-27 00:00:00+00:00
DEV-00101,iOS 17,iSphere Mini,true,2024-10-09 00:00:00+00:00
DEV-00102,Android 14,Pixel Vista X,true,2024-07-09 00:00:00+00:00
DEV-00103,Android 12,ZenLite 5,true,2025-07-28 00:00:00+00:00
DEV-00104,Android 13,TigerTab 8,true,2025-06-11 00:00:00+00:00
DEV-00105,iOS 17,iSphere Mini,true,2025-08-15 00:00:00+00:00
DEV-00106,iOS 17,iSphere Mini,true,2025-08-25 00:00:00+00:00
DEV-00107,Windows 11,FusionBook Pro,true,2024-06-16 00:00:00+00:00
DEV-00108,Android 12,ZenLite 5,true,2024-10-16 00:00:00+00:00
DEV-00109,iOS 17,iSphere Mini,true,2024-06-18 00:00:00+00:00
DEV-00110,iOS 17,iSphere Mini,true,2024-07-10 00:00:00+00:00
DEV-00111,Android 14,OrbitNote 9,true,2025-02-15 00:00:00+00:00
DEV-00112,iOS 17,iSphere 15,true,2024-09-11 00:00:00+00:00
DEV-00113,iOS 17,iSphere 15,true,2025-04-13 00:00:00+00:00
DEV-00114,Android 13,NovaPhone 12,true,2024-07-14 00:00:00+00:00
DEV-00115,iOS 16,iSphere 13,true,2025-05-31 00:00:00+00:00
DEV-00116,iOS 17,iSphere Mini,true,2024-12-26 00:00:00+00:00
DEV-00117,macOS 14,PearBook Air,false,2024-08-25 00:00:00+00:00
DEV-00118,iOS 17,iSphere Mini,true,2024-11-15 00:00:00+00:00
DEV-00119,Android 13,NovaPhone 12,true,2024-05-23 00:00:00+00:00
DEV-00120,iOS 16,iSphere 13,true,2025-03-03 00:00:00+00:00
DEV-00121,iOS 17,iSphere Mini,true,2024-08-14 00:00:00+00:00
DEV-00122,iOS 17,iSphere 15,true,2025-05-05 00:00:00+00:00
DEV-00123,Android 12,ZenLite 5,true,2024-11-20 00:00:00+00:00
DEV-00124,macOS 14,PearBook Air,true,2024-06-30 00:00:00+00:00
DEV-00125,iOS 17,iSphere 15,true,2025-06-06 00:00:00+00:00
DEV-00126,Windows 11,FusionBook Pro,true,2025-01-23 00:00:00+00:00
DEV-00127,iOS 17,iSphere 15,true,2024-09-29 00:00:00+00:00
DEV-00128,Android 14,Pixel Vista X,true,2025-03-11 00:00:00+00:00
DEV-00129,Android 13,NovaPhone 12,true,2024-07-13 00:00:00+00:00
DEV-00130,iOS 17,iSphere 15,true,2025-03-11 00:00:00+00:00
DEV-00131,iOS 17,iSphere Mini,true,2024-05-26 00:00:00+00:00
DEV-00132,Android 14,OrbitNote 9,true,2025-05-06 00:00:00+00:00
DEV-00133,iOS 16,iSphere 13,true,2025-02-13 00:00:00+00:00
DEV-00134,macOS 14,PearBook Air,true,2025-05-29 00:00:00+00:00
DEV-00135,iOS 17,iSphere Mini,true,2024-05-24 00:00:00+00:00
DEV-00136,Android 13,TigerTab 8,true,2025-02-12 00:00:00+00:00
DEV-00137,iOS 17,iSphere 15,true,2024-08-29 00:00:00+00:00
DEV-00138,Windows 11,FusionBook Pro,true,2024-08-01 00:00:00+00:00
DEV-00139,Android 12,ZenLite 5,true,2025-07-20 00:00:00+00:00
DEV-00140,macOS 14,PearBook Air,true,2025-02-07 00:00:00+00:00
DEV-00141,Windows 11,FusionBook Pro,true,2025-06-28 00:00:00+00:00
DEV-00142,Android 13,NovaPhone 12,true,2024-06-10 00:00:00+00:00
DEV-00143,Android 13,NovaPhone 12,false,2024-11-10 00:00:00+00:00
DEV-00144,Android 13,TigerTab 8,true,2025-06-08 00:00:00+00:00
DEV-00145,Android 14,Pixel Vista X,true,2025-08-18 00:00:00+00:00
DEV-00146,iOS 17,iSphere Mini,true,2024-08-15 00:00:00+00:00
DEV-00147,iOS 17,iSphere 15,true,2025-03-11 00:00:00+00:00
DEV-00148,Android 14,Pixel Vista X,true,2024-09-02 00:00:00+00:00
DEV-00149,Android 14,OrbitNote 9,false,2024-10-21 00:00:00+00:00
DEV-00150,Android 14,OrbitNote 9,true,2024-07-16 00:00:00+00:00
DEV-00151,iOS 17,iSphere 15,true,2025-03-31 00:00:00+00:00
DEV-00152,Android 14,OrbitNote 9,true,2024-07-11 00:00:00+00:00
DEV-00153,Android 13,TigerTab 8,false,2024-05-30 00:00:00+00:00
DEV-00154,Android 13,NovaPhone 12,true,2025-07-01 00:00:00+00:00
DEV-00155,Android 13,NovaPhone 12,true,2025-07-15 00:00:00+00:00
DEV-00156,Android 13,TigerTab 8,true,2024-09-28 00:00:00+00:00
DEV-00157,iOS 16,iSphere 13,true,2024-10-08 00:00:00+00:00
DEV-00158,iOS 17,iSphere 15,true,2025-02-08 00:00:00+00:00
DEV-00159,Android 13,TigerTab 8,false,2025-08-12 00:00:00+00:00
DEV-00160,macOS 14,PearBook Air,true,2025-07-16 00:00:00+00:00
DEV-00161,macOS 14,PearBook Air,true,2024-08-17 00:00:00+00:00
DEV-00162,iOS 17,iSphere Mini,true,2024-09-16 00:00:00+00:00
DEV-00163,Android 13,NovaPhone 12,true,2025-02-11 00:00:00+00:00
DEV-00164,Android 13,TigerTab 8,true,2025-06-18 00:00:00+00:00
DEV-00165,Android 12,ZenLite 5,true,2025-02-17 00:00:00+00:00
DEV-00166,iOS 16,iSphere 13,false,2024-07-24 00:00:00+00:00
DEV-00167,Android 14,Pixel Vista X,true,2024-10-07 00:00:00+00:00
DEV-00168,iOS 16,iSphere 13,true,2025-02-19 00:00:00+00:00
DEV-00169,macOS 14,PearBook Air,true,2025-06-18 00:00:00+00:00
DEV-00170,iOS 16,iSphere 13,true,2024-12-07 00:00:00+00:00
DEV-00171,Android 12,ZenLite 5,true,2024-06-28 00:00:00+00:00
DEV-00172,iOS 17,iSphere Mini,true,2025-04-28 00:00:00+00:00
DEV-00173,Android 12,ZenLite 5,false,2024-12-26 00:00:00+00:00
DEV-00174,iOS 17,iSphere 15,false,2025-04-01 00:00:00+00:00
DEV-00175,Android 14,Pixel Vista X,true,2025-08-20 00:00:00+00:00
DEV-00176,Android 14,OrbitNote 9,true,2025-08-25 00:00:00+00:00
DEV-00177,Android 12,ZenLite 5,true,2025-04-28 00:00:00+00:00
DEV-00178,Android 14,Pixel Vista X,true,2025-01-26 00:00:00+00:00
DEV-00179,Windows 11,FusionBook Pro,true,2025-05-28 00:00:00+00:00
DEV-00180,Android 14,Pixel Vista X,true,2024-10-23 00:00:00+00:00
DEV-00181,Windows 11,FusionBook Pro,true,2024-12-28 00:00:00+00:00
DEV-00182,Android 12,ZenLite 5,true,2025-05-15 00:00:00+00:00
DEV-00183,iOS 17,iSphere 15,true,2025-04-10 00:00:00+00:00
DEV-00184,Android 12,ZenLite 5,true,2025-04-30 00:00:00+00:00
DEV-00185,iOS 16,iSphere 13,true,2024-11-28 00:00:00+00:00
DEV-00186,Android 14,OrbitNote 9,true,2025-02-23 00:00:00+00:00
DEV-00187,Android 12,ZenLite 5,true,2025-05-01 00:00:00+00:00
DEV-00188,Android 14,OrbitNote 9,true,2024-06-16 00:00:00+00:00
DEV-00189,iOS 16,iSphere 13,true,2024-10-29 00:00:00+00:00
DEV-00190,Android 14,Pixel Vista X,true,2025-05-08 00:00:00+00:00
DEV-00191,Android 12,ZenLite 5,true,2025-07-15 00:00:00+00:00
DEV-00192,iOS 16,iSphere 13,true,2024-11-11 00:00:00+00:00
DEV-00193,Android 14,Pixel Vista X,true,2025-04-15 00:00:00+00:00
DEV-00194,iOS 17,iSphere Mini,true,2025-04-28 00:00:00+00:00
DEV-00195,Android 12,ZenLite 5,true,2025-05-09 00:00:00+00:00
DEV-00196,iOS 17,iSphere 15,true,2025-04-25 00:00:00+00:00
DEV-00197,iOS 16,iSphere 13,true,2024-12-14 00:00:00+00:00
DEV-00198,Android 13,TigerTab 8,true,2025-06-12 00:00:00+00:00
DEV-00199,macOS 14,PearBook Air,true,2024-05-20 00:00:00+00:00
DEV-00200,Android 13,NovaPhone 12,true,2025-05-04 00:00:00+00:00
DEV-00201,Android 13,TigerTab 8,true,2025-07-06 00:00:00+00:00
DEV-00202,Windows 11,FusionBook Pro,true,2025-04-10 00:00:00+00:00
DEV-00203,Android 12,ZenLite 5,true,2025-05-29 00:00:00+00:00
DEV-00204,Android 14,Pixel Vista X,true,2025-08-18 00:00:00+00:00
DEV-00205,iOS 17,iSphere 15,true,2025-01-24 00:00:00+00:00
DEV-00206,iOS 17,iSphere Mini,true,2025-04-15 00:00:00+00:00
DEV-00207,iOS 17,iSphere 15,true,2025-02-09 00:00:00+00:00
DEV-00208,Android 13,NovaPhone 12,true,2024-08-30 00:00:00+00:00
DEV-00209,Android 13,NovaPhone 12,true,2024-12-07 00:00:00+00:00
DEV-00210,Android 13,NovaPhone 12,true,2025-01-30 00:00:00+00:00
DEV-00211,Windows 11,FusionBook Pro,true,2025-02-25 00:00:00+00:00
DEV-00212,iOS 17,iSphere Mini,true,2025-05-18 00:00:00+00:00
DEV-00213,Windows 11,FusionBook Pro,false,2025-05-27 00:00:00+00:00
DEV-00214,Android 14,Pixel Vista X,true,2025-07-16 00:00:00+00:00
DEV-00215,Android 12,ZenLite 5,true,2025-01-05 00:00:00+00:00
DEV-00216,Windows 11,FusionBook Pro,true,2024-07-07 00:00:00+00:00
DEV-00217,Android 12,ZenLite 5,true,2024-07-10 00:00:00+00:00
DEV-00218,iOS 17,iSphere 15,true,2024-08-31 00:00:00+00:00
DEV-00219,iOS 17,iSphere 15,true,2024-07-24 00:00:00+00:00
DEV-00220,Windows 11,FusionBook Pro,true,2024-06-15 00:00:00+00:00
DEV-00221,Android 13,TigerTab 8,true,2024-09-22 00:00:00+00:00
DEV-00222,Android 14,Pixel Vista X,true,2025-01-19 00:00:00+00:00
DEV-00223,iOS 16,iSphere 13,true,2024-10-01 00:00:00+00:00
DEV-00224,Android 14,Pixel Vista X,true,2024-12-05 00:00:00+00:00
DEV-00225,Android 14,OrbitNote 9,true,2024-11-26 00:00:00+00:00
DEV-00226,Android 13,NovaPhone 12,true,2025-06-16 00:00:00+00:00
DEV-00227,Android 14,Pixel Vista X,true,2025-02-15 00:00:00+00:00
DEV-00228,Android 14,OrbitNote 9,false,2024-11-23 00:00:00+00:00
DEV-00229,Android 14,OrbitNote 9,true,2025-06-24 00:00:00+00:00
DEV-00230,Android 12,ZenLite 5,true,2025-06-05 00:00:00+00:00
DEV-00231,iOS 17,iSphere 15,true,2025-02-19 00:00:00+00:00
DEV-00232,iOS 17,iSphere 15,true,2025-07-29 00:00:00+00:00
DEV-00233,iOS 16,iSphere 13,true,2024-10-20 00:00:00+00:00
DEV-00234,Android 14,Pixel Vista X,false,2025-08-08 00:00:00+00:00
DEV-00235,Android 14,Pixel Vista X,true,2025-04-03 00:00:00+00:00
DEV-00236,Windows 11,FusionBook Pro,true,2024-10-08 00:00:00+00:00
DEV-00237,Android 14,Pixel Vista X,true,2024-07-17 00:00:00+00:00
DEV-00238,iOS 17,iSphere 15,true,2024-06-05 00:00:00+00:00
DEV-00239,Android 14,OrbitNote 9,false,2025-03-30 00:00:00+00:00
DEV-00240,Windows 11,FusionBook Pro,true,2024-08-26 00:00:00+00:00
DEV-00241,Android 14,Pixel Vista X,true,2025-05-28 00:00:00+00:00
DEV-00242,iOS 17,iSphere 15,true,2025-08-01 00:00:00+00:00
DEV-00243,iOS 16,iSphere 13,true,2025-05-16 00:00:00+00:00
DEV-00244,Android 12,ZenLite 5,true,2024-05-21 00:00:00+00:00
DEV-00245,Android 12,ZenLite 5,false,2025-02-25 00:00:00+00:00
DEV-00246,Android 13,TigerTab 8,true,2024-12-17 00:00:00+00:00
DEV-00247,iOS 17,iSphere 15,true,2025-05-23 00:00:00+00:00
DEV-00248,Windows 11,FusionBook Pro,true,2024-09-05 00:00:00+00:00
DEV-00249,Android 14,OrbitNote 9,true,2025-01-22 00:00:00+00:00
DEV-00250,iOS 17,iSphere 15,true,2024-05-30 00:00:00+00:00
DEV-00251,Android 12,ZenLite 5,true,2025-07-02 00:00:00+00:00
DEV-00252,Android 14,OrbitNote 9,true,2025-07-23 00:00:00+00:00
DEV-00253,Windows 11,FusionBook Pro,true,2025-06-13 00:00:00+00:00
DEV-00254,Android 14,OrbitNote 9,true,2024-08-14 00:00:00+00:00
DEV-00255,Android 13,NovaPhone 12,true,2025-04-29 00:00:00+00:00
DEV-00256,Android 12,ZenLite 5,true,2025-05-12 00:00:00+00:00
DEV-00257,macOS 14,PearBook Air,true,2024-09-08 00:00:00+00:00
DEV-00258,Android 13,TigerTab 8,true,2025-08-22 00:00:00+00:00
DEV-00259,Android 14,OrbitNote 9,true,2024-08-22 00:00:00+00:00
DEV-00260,Android 13,TigerTab 8,true,2024-09-20 00:00:00+00:00
DEV-00261,Android 14,OrbitNote 9,true,2024-12-31 00:00:00+00:00
DEV-00262,Android 12,ZenLite 5,true,2025-04-23 00:00:00+00:00
DEV-00263,iOS 17,iSphere 15,true,2025-05-13 00:00:00+00:00
DEV-00264,Windows 11,FusionBook Pro,true,2024-08-31 00:00:00+00:00
DEV-00265,Android 13,TigerTab 8,true,2024-10-10 00:00:00+00:00
DEV-00266,Android 14,OrbitNote 9,true,2024-11-25 00:00:00+00:00
DEV-00267,iOS 17,iSphere 15,true,2024-08-10 00:00:00+00:00
DEV-00268,Windows 11,FusionBook Pro,true,2025-05-15 00:00:00+00:00
DEV-00269,iOS 16,iSphere 13,true,2025-03-29 00:00:00+00:00
DEV-00270,Windows 11,FusionBook Pro,false,2024-07-14 00:00:00+00:00
DEV-00271,Android 13,TigerTab 8,true,2024-05-30 00:00:00+00:00
DEV-00272,Android 12,ZenLite 5,true,2024-09-19 00:00:00+00:00
DEV-00273,Android 14,Pixel Vista X,true,2024-08-27 00:00:00+00:00
DEV-00274,iOS 17,iSphere Mini,true,2025-07-11 00:00:00+00:00
DEV-00275,macOS 14,PearBook Air,true,2025-04-27 00:00:00+00:00
DEV-00276,Windows 11,FusionBook Pro,false,2024-06-16 00:00:00+00:00
DEV-00277,iOS 16,iSphere 13,true,2024-09-05 00:00:00+00:00
DEV-00278,iOS 17,iSphere 15,true,2025-04-04 00:00:00+00:00
DEV-00279,Android 14,OrbitNote 9,true,2024-06-30 00:00:00+00:00
DEV-00280,iOS 16,iSphere 13,true,2024-08-07 00:00:00+00:00
DEV-00281,Android 12,ZenLite 5,true,2025-08-19 00:00:00+00:00
DEV-00282,Android 12,ZenLite 5,true,2025-04-11 00:00:00+00:00
DEV-00283,macOS 14,PearBook Air,true,2024-05-19 00:00:00+00:00
DEV-00284,Android 13,NovaPhone 12,true,2024-10-21 00:00:00+00:00
DEV-00285,Android 14,Pixel Vista X,true,2025-04-20 00:00:00+00:00
DEV-00286,Android 13,TigerTab 8,true,2024-10-27 00:00:00+00:00
DEV-00287,Windows 11,FusionBook Pro,true,2024-07-31 00:00:00+00:00
DEV-00288,Android 13,TigerTab 8,true,2025-08-04 00:00:00+00:00
DEV-00289,Android 14,OrbitNote 9,true,2025-04-12 00:00:00+00:00
DEV-00290,iOS 17,iSphere Mini,true,2025-05-04 00:00:00+00:00
DEV-00291,Android 14,OrbitNote 9,true,2025-01-17 00:00:00+00:00
DEV-00292,iOS 16,iSphere 13,true,2024-07-16 00:00:00+00:00
DEV-00293,Android 14,OrbitNote 9,true,2024-11-09 00:00:00+00:00
DEV-00294,Android 13,TigerTab 8,true,2025-05-27 00:00:00+00:00
DEV-00295,Android 14,OrbitNote 9,true,2025-07-15 00:00:00+00:00
DEV-00296,iOS 17,iSphere Mini,true,2025-04-10 00:00:00+00:00
DEV-00297,iOS 17,iSphere 15,true,2025-01-11 00:00:00+00:00
DEV-00298,Android 14,OrbitNote 9,true,2025-08-24 00:00:00+00:00
DEV-00299,Android 13,TigerTab 8,true,2025-06-10 00:00:00+00:00
DEV-00300,iOS 16,iSphere 13,true,2025-07-06 00:00:00+00:00
DEV-00301,Android 12,ZenLite 5,true,2025-05-23 00:00:00+00:00
DEV-00302,Android 14,Pixel Vista X,true,2025-01-18 00:00:00+00:00
DEV-00303,iOS 17,iSphere Mini,true,2024-11-14 00:00:00+00:00
DEV-00304,Android 13,NovaPhone 12,true,2025-02-17 00:00:00+00:00
DEV-00305,iOS 16,iSphere 13,true,2025-06-02 00:00:00+00:00
DEV-00306,iOS 16,iSphere 13,true,2024-12-14 00:00:00+00:00
DEV-00307,Android 14,Pixel Vista X,true,2024-12-28 00:00:00+00:00
DEV-00308,Android 14,OrbitNote 9,true,2025-03-20 00:00:00+00:00
DEV-00309,Android 14,Pixel Vista X,true,2024-06-13 00:00:00+00:00
DEV-00310,iOS 16,iSphere 13,true,2024-11-27 00:00:00+00:00
DEV-00311,Android 14,OrbitNote 9,true,2025-01-21 00:00:00+00:00
DEV-00312,Android 13,NovaPhone 12,true,2024-11-28 00:00:00+00:00
DEV-00313,iOS 16,iSphere 13,true,2024-07-08 00:00:00+00:00
DEV-00314,Windows 11,FusionBook Pro,true,2024-12-09 00:00:00+00:00
DEV-00315,Windows 11,FusionBook Pro,true,2025-07-17 00:00:00+00:00
DEV-00316,iOS 17,iSphere Mini,true,2024-10-29 00:00:00+00:00
DEV-00317,Android 14,Pixel Vista X,true,2024-07-02 00:00:00+00:00
DEV-00318,iOS 17,iSphere 15,true,2025-05-20 00:00:00+00:00
DEV-00319,Android 13,TigerTab 8,true,2024-11-26 00:00:00+00:00
DEV-00320,Android 13,NovaPhone 12,true,2024-08-10 00:00:00+00:00
DEV-00321,Android 13,TigerTab 8,true,2024-12-18 00:00:00+00:00
DEV-00322,Android 14,OrbitNote 9,true,2025-07-09 00:00:00+00:00
DEV-00323,Android 13,TigerTab 8,true,2025-05-21 00:00:00+00:00
DEV-00324,macOS 14,PearBook Air,false,2024-12-29 00:00:00+00:00
DEV-00325,Android 12,ZenLite 5,true,2024-08-19 00:00:00+00:00
DEV-00326,Android 14,OrbitNote 9,true,2024-12-06 00:00:00+00:00
DEV-00327,iOS 17,iSphere 15,true,2024-06-14 00:00:00+00:00
DEV-00328,Android 13,NovaPhone 12,true,2024-08-08 00:00:00+00:00
DEV-00329,iOS 17,iSphere Mini,false,2024-12-04 00:00:00+00:00
DEV-00330,Android 12,ZenLite 5,true,2025-02-09 00:00:00+00:00
DEV-00331,iOS 17,iSphere 15,true,2024-08-04 00:00:00+00:00
DEV-00332,iOS 17,iSphere Mini,true,2025-08-13 00:00:00+00:00
DEV-00333,Android 13,NovaPhone 12,true,2025-01-12 00:00:00+00:00
DEV-00334,iOS 17,iSphere 15,true,2025-08-02 00:00:00+00:00
DEV-00335,Windows 11,FusionBook Pro,true,2025-05-24 00:00:00+00:00
DEV-00336,Windows 11,FusionBook Pro,true,2024-10-19 00:00:00+00:00
DEV-00337,Android 13,TigerTab 8,true,2024-11-18 00:00:00+00:00
DEV-00338,Android 14,Pixel Vista X,true,2024-08-05 00:00:00+00:00
DEV-00339,Android 14,Pixel Vista X,true,2024-11-29 00:00:00+00:00
DEV-00340,Windows 11,FusionBook Pro,true,2025-06-27 00:00:00+00:00
DEV-00341,Android 13,TigerTab 8,true,2024-09-13 00:00:00+00:00
DEV-00342,Android 14,Pixel Vista X,false,2025-08-16 00:00:00+00:00
DEV-00343,iOS 17,iSphere Mini,true,2025-07-10 00:00:00+00:00
DEV-00344,Android 14,Pixel Vista X,true,2025-04-16 00:00:00+00:00
DEV-00345,Android 13,NovaPhone 12,true,2025-03-31 00:00:00+00:00
DEV-00346,Windows 11,FusionBook Pro,true,2025-07-08 00:00:00+00:00
DEV-00347,iOS 17,iSphere Mini,true,2025-06-25 00:00:00+00:00
DEV-00348,macOS 14,PearBook Air,true,2024-08-26 00:00:00+00:00
DEV-00349,Android 13,NovaPhone 12,true,2025-07-29 00:00:00+00:00
DEV-00350,Android 14,Pixel Vista X,true,2024-10-29 00:00:00+00:00
DEV-00351,Android 12,ZenLite 5,true,2024-12-15 00:00:00+00:00
DEV-00352,Windows 11,FusionBook Pro,true,2024-06-09 00:00:00+00:00
DEV-00353,macOS 14,PearBook Air,true,2024-06-28 00:00:00+00:00
DEV-00354,iOS 17,iSphere 15,true,2025-05-24 00:00:00+00:00
DEV-00355,iOS 17,iSphere Mini,true,2025-07-29 00:00:00+00:00
DEV-00356,iOS 17,iSphere Mini,true,2025-05-17 00:00:00+00:00
DEV-00357,Android 14,OrbitNote 9,true,2025-01-28 00:00:00+00:00
DEV-00358,iOS 17,iSphere Mini,true,2024-09-10 00:00:00+00:00
DEV-00359,Android 14,Pixel Vista X,false,2024-06-08 00:00:00+00:00
DEV-00360,iOS 17,iSphere 15,true,2024-10-04 00:00:00+00:00
DEV-00361,iOS 16,iSphere 13,true,2025-02-27 00:00:00+00:00
DEV-00362,Android 14,Pixel Vista X,true,2024-08-24 00:00:00+00:00
DEV-00363,Android 13,TigerTab 8,false,2025-06-29 00:00:00+00:00
DEV-00364,iOS 16,iSphere 13,true,2024-10-31 00:00:00+00:00
DEV-00365,Android 12,ZenLite 5,true,2024-09-10 00:00:00+00:00
DEV-00366,iOS 17,iSphere Mini,true,2024-05-25 00:00:00+00:00
DEV-00367,Android 14,Pixel Vista X,true,2024-10-11 00:00:00+00:00
DEV-00368,Android 12,ZenLite 5,true,2024-11-13 00:00:00+00:00
DEV-00369,Android 13,NovaPhone 12,true,2024-08-29 00:00:00+00:00
DEV-00370,iOS 16,iSphere 13,true,2025-04-19 00:00:00+00:00
DEV-00371,macOS 14,PearBook Air,true,2024-11-20 00:00:00+00:00
DEV-00372,Android 13,TigerTab 8,true,2025-02-08 00:00:00+00:00
DEV-00373,Android 14,OrbitNote 9,true,2025-07-22 00:00:00+00:00
DEV-00374,Windows 11,FusionBook Pro,true,2024-09-21 00:00:00+00:00
DEV-00375,Android 12,ZenLite 5,true,2024-11-18 00:00:00+00:00
DEV-00376,iOS 17,iSphere Mini,true,2025-03-18 00:00:00+00:00
DEV-00377,Android 14,OrbitNote 9,true,2024-11-16 00:00:00+00:00
DEV-00378,Android 13,NovaPhone 12,true,2025-06-09 00:00:00+00:00
DEV-00379,Android 14,Pixel Vista X,true,2025-05-20 00:00:00+00:00
DEV-00380,iOS 17,iSphere 15,true,2024-06-18 00:00:00+00:00
DEV-00381,iOS 17,iSphere 15,true,2024-07-17 00:00:00+00:00
DEV-00382,Android 12,ZenLite 5,true,2025-07-11 00:00:00+00:00
DEV-00383,macOS 14,PearBook Air,true,2025-04-04 00:00:00+00:00
DEV-00384,Windows 11,FusionBook Pro,true,2024-08-28 00:00:00+00:00
DEV-00385,Android 13,NovaPhone 12,true,2025-01-30 00:00:00+00:00
DEV-00386,iOS 16,iSphere 13,true,2024-12-20 00:00:00+00:00
DEV-00387,Android 12,ZenLite 5,true,2024-12-19 00:00:00+00:00
DEV-00388,Android 12,ZenLite 5,true,2024-12-11 00:00:00+00:00
DEV-00389,Android 13,NovaPhone 12,true,2025-04-12 00:00:00+00:00
DEV-00390,Windows 11,FusionBook Pro,true,2024-06-13 00:00:00+00:00
DEV-00391,iOS 17,iSphere Mini,true,2025-08-08 00:00:00+00:00
DEV-00392,Android 12,ZenLite 5,true,2024-09-05 00:00:00+00:00
DEV-00393,iOS 17,iSphere 15,true,2024-09-30 00:00:00+00:00
DEV-00394,Windows 11,FusionBook Pro,true,2025-02-15 00:00:00+00:00
DEV-00395,Windows 11,FusionBook Pro,true,2024-11-11 00:00:00+00:00
DEV-00396,Windows 11,FusionBook Pro,true,2025-06-09 00:00:00+00:00
DEV-00397,Android 13,NovaPhone 12,true,2024-08-30 00:00:00+00:00
DEV-00398,Android 12,ZenLite 5,true,2024-09-20 00:00:00+00:00
DEV-00399,Android 13,TigerTab 8,true,2024-11-17 00:00:00+00:00
DEV-00400,iOS 17,iSphere 15,true,2024-05-28 00:00:00+00:00
DEV-00401,Android 13,TigerTab 8,true,2024-07-07 00:00:00+00:00
DEV-00402,Android 13,NovaPhone 12,true,2025-03-04 00:00:00+00:00
DEV-00403,Android 14,OrbitNote 9,true,2024-12-10 00:00:00+00:00
DEV-00404,Windows 11,FusionBook Pro,true,2025-03-27 00:00:00+00:00
DEV-00405,macOS 14,PearBook Air,true,2024-07-17 00:00:00+00:00
DEV-00406,macOS 14,PearBook Air,true,2024-10-16 00:00:00+00:00
DEV-00407,Android 12,ZenLite 5,true,2025-02-26 00:00:00+00:00
DEV-00408,iOS 17,iSphere 15,true,2024-09-02 00:00:00+00:00
DEV-00409,Android 13,NovaPhone 12,true,2025-04-06 00:00:00+00:00
DEV-00410,Android 14,Pixel Vista X,true,2025-07-06 00:00:00+00:00
DEV-00411,Android 13,TigerTab 8,true,2024-11-01 00:00:00+00:00
DEV-00412,Android 14,OrbitNote 9,true,2024-09-18 00:00:00+00:00
DEV-00413,Android 13,NovaPhone 12,true,2025-01-29 00:00:00+00:00
DEV-00414,Android 14,Pixel Vista X,true,2025-06-18 00:00:00+00:00
DEV-00415,iOS 16,iSphere 13,true,2024-07-23 00:00:00+00:00
DEV-00416,Android 14,OrbitNote 9,true,2025-01-28 00:00:00+00:00
DEV-00417,iOS 17,iSphere Mini,true,2025-01-11 00:00:00+00:00
DEV-00418,iOS 17,iSphere Mini,true,2025-06-30 00:00:00+00:00
DEV-00419,Windows 11,FusionBook Pro,true,2025-08-25 00:00:00+00:00
DEV-00420,Windows 11,FusionBook Pro,true,2025-02-20 00:00:00+00:00
DEV-00421,Android 14,Pixel Vista X,true,2025-02-07 00:00:00+00:00
DEV-00422,Android 12,ZenLite 5,true,2025-03-21 00:00:00+00:00
DEV-00423,iOS 17,iSphere Mini,false,2024-12-02 00:00:00+00:00
DEV-00424,Windows 11,FusionBook Pro,true,2024-09-19 00:00:00+00:00
DEV-00425,Android 13,NovaPhone 12,true,2024-10-30 00:00:00+00:00
DEV-00426,Android 14,Pixel Vista X,true,2024-06-21 00:00:00+00:00
DEV-00427,Android 12,ZenLite 5,true,2024-09-09 00:00:00+00:00
DEV-00428,Android 14,Pixel Vista X,true,2024-12-22 00:00:00+00:00
DEV-00429,Android 14,Pixel Vista X,true,2025-02-21 00:00:00+00:00
DEV-00430,iOS 16,iSphere 13,true,2025-05-19 00:00:00+00:00
DEV-00431,Android 14,OrbitNote 9,true,2025-04-08 00:00:00+00:00
DEV-00432,macOS 14,PearBook Air,true,2024-08-29 00:00:00+00:00
DEV-00433,Android 12,ZenLite 5,true,2024-11-15 00:00:00+00:00
DEV-00434,macOS 14,PearBook Air,true,2024-09-01 00:00:00+00:00
DEV-00435,Android 14,OrbitNote 9,true,2025-06-10 00:00:00+00:00
DEV-00436,iOS 17,iSphere 15,true,2025-03-28 00:00:00+00:00
DEV-00437,Android 13,NovaPhone 12,true,2024-06-14 00:00:00+00:00
DEV-00438,Android 13,TigerTab 8,true,2024-06-17 00:00:00+00:00
DEV-00439,Android 13,NovaPhone 12,true,2024-10-31 00:00:00+00:00
DEV-00440,Android 14,Pixel Vista X,true,2025-01-05 00:00:00+00:00
DEV-00441,Android 14,OrbitNote 9,true,2025-02-12 00:00:00+00:00
DEV-00442,Android 13,NovaPhone 12,true,2024-11-18 00:00:00+00:00
DEV-00443,Android 13,NovaPhone 12,true,2024-05-30 00:00:00+00:00
DEV-00444,iOS 17,iSphere Mini,true,2024-11-21 00:00:00+00:00
DEV-00445,Android 14,Pixel Vista X,false,2024-11-14 00:00:00+00:00
DEV-00446,iOS 16,iSphere 13,true,2024-12-31 00:00:00+00:00
DEV-00447,iOS 16,iSphere 13,false,2025-04-18 00:00:00+00:00
DEV-00448,iOS 17,iSphere Mini,false,2025-02-08 00:00:00+00:00
DEV-00449,Android 14,OrbitNote 9,true,2025-02-21 00:00:00+00:00
DEV-00450,Windows 11,FusionBook Pro,true,2024-07-22 00:00:00+00:00
DEV-00451,iOS 17,iSphere 15,true,2025-07-23 00:00:00+00:00
DEV-00452,macOS 14,PearBook Air,true,2024-10-28 00:00:00+00:00
DEV-00453,Android 13,NovaPhone 12,true,2025-05-16 00:00:00+00:00
DEV-00454,iOS 16,iSphere 13,true,2024-05-22 00:00:00+00:00
DEV-00455,Android 12,ZenLite 5,true,2024-05-24 00:00:00+00:00
DEV-00456,Android 13,TigerTab 8,true,2025-03-01 00:00:00+00:00
DEV-00457,Windows 11,FusionBook Pro,true,2024-07-31 00:00:00+00:00
DEV-00458,Android 13,TigerTab 8,false,2025-06-08 00:00:00+00:00
DEV-00459,Android 12,ZenLite 5,true,2024-08-28 00:00:00+00:00
DEV-00460,Android 12,ZenLite 5,true,2024-07-27 00:00:00+00:00
DEV-00461,Windows 11,FusionBook Pro,true,2024-11-09 00:00:00+00:00
DEV-00462,iOS 16,iSphere 13,true,2025-01-03 00:00:00+00:00
DEV-00463,iOS 16,iSphere 13,false,2025-07-13 00:00:00+00:00
DEV-00464,iOS 17,iSphere 15,true,2025-04-30 00:00:00+00:00
DEV-00465,Android 13,TigerTab 8,true,2025-03-20 00:00:00+00:00
DEV-00466,Android 13,TigerTab 8,true,2024-10-28 00:00:00+00:00
DEV-00467,Windows 11,FusionBook Pro,true,2024-11-14 00:00:00+00:00
DEV-00468,Android 14,Pixel Vista X,true,2025-05-31 00:00:00+00:00
DEV-00469,macOS 14,PearBook Air,false,2025-06-28 00:00:00+00:00
DEV-00470,Android 13,NovaPhone 12,true,2025-04-24 00:00:00+00:00
DEV-00471,iOS 17,iSphere Mini,true,2025-02-01 00:00:00+00:00
DEV-00472,Android 14,Pixel Vista X,true,2024-09-09 00:00:00+00:00
DEV-00473,Android 13,NovaPhone 12,true,2025-03-24 00:00:00+00:00
DEV-00474,Windows 11,FusionBook Pro,true,2025-05-19 00:00:00+00:00
DEV-00475,Android 14,Pixel Vista X,true,2024-10-27 00:00:00+00:00
DEV-00476,Android 14,Pixel Vista X,true,2025-01-01 00:00:00+00:00
DEV-00477,Android 12,ZenLite 5,false,2025-07-16 00:00:00+00:00
DEV-00478,Windows 11,FusionBook Pro,true,2025-07-11 00:00:00+00:00
DEV-00479,Android 13,TigerTab 8,true,2025-04-16 00:00:00+00:00
DEV-00480,Android 12,ZenLite 5,true,2024-06-23 00:00:00+00:00
DEV-00481,iOS 17,iSphere Mini,true,2025-03-10 00:00:00+00:00
DEV-00482,iOS 17,iSphere Mini,true,2024-11-29 00:00:00+00:00
DEV-00483,Windows 11,FusionBook Pro,true,2024-06-14 00:00:00+00:00
DEV-00484,Android 14,OrbitNote 9,true,2025-02-02 00:00:00+00:00
DEV-00485,Android 14,Pixel Vista X,true,2025-04-29 00:00:00+00:00
DEV-00486,iOS 16,iSphere 13,true,2025-06-18 00:00:00+00:00
DEV-00487,Windows 11,FusionBook Pro,true,2024-07-20 00:00:00+00:00
DEV-00488,Android 14,Pixel Vista X,true,2024-09-28 00:00:00+00:00
DEV-00489,macOS 14,PearBook Air,true,2025-04-27 00:00:00+00:00
DEV-00490,macOS 14,PearBook Air,true,2024-12-15 00:00:00+00:00
DEV-00491,Android 13,NovaPhone 12,true,2025-05-11 00:00:00+00:00
DEV-00492,Windows 11,FusionBook Pro,true,2024-10-16 00:00:00+00:00
DEV-00493,Android 14,Pixel Vista X,true,2025-02-16 00:00:00+00:00
DEV-00494,Android 12,ZenLite 5,true,2024-08-16 00:00:00+00:00
DEV-00495,Android 14,OrbitNote 9,true,2024-11-17 00:00:00+00:00
DEV-00496,Windows 11,FusionBook Pro,true,2025-03-18 00:00:00+00:00
DEV-00497,iOS 17,iSphere Mini,false,2025-04-30 00:00:00+00:00
DEV-00498,Android 13,NovaPhone 12,true,2025-04-14 00:00:00+00:00
DEV-00499,Android 13,TigerTab 8,true,2024-09-18 00:00:00+00:00
DEV-00500,Android 13,TigerTab 8,false,2024-12-04 00:00:00+00:00
DEV-00501,Android 13,TigerTab 8,true,2024-11-08 00:00:00+00:00
DEV-00502,Android 12,ZenLite 5,true,2025-08-24 00:00:00+00:00
DEV-00503,macOS 14,PearBook Air,true,2025-07-18 00:00:00+00:00
DEV-00504,iOS 17,iSphere Mini,true,2025-05-17 00:00:00+00:00
DEV-00505,macOS 14,PearBook Air,true,2025-04-11 00:00:00+00:00
DEV-00506,iOS 17,iSphere 15,true,2024-07-31 00:00:00+00:00
DEV-00507,Android 14,Pixel Vista X,true,2024-08-30 00:00:00+00:00
DEV-00508,macOS 14,PearBook Air,true,2025-04-17 00:00:00+00:00
DEV-00509,iOS 16,iSphere 13,true,2025-02-24 00:00:00+00:00
DEV-00510,Android 14,OrbitNote 9,true,2025-06-09 00:00:00+00:00
DEV-00511,iOS 17,iSphere Mini,true,2024-09-20 00:00:00+00:00
DEV-00512,Android 12,ZenLite 5,true,2024-07-26 00:00:00+00:00
DEV-00513,macOS 14,PearBook Air,true,2024-06-11 00:00:00+00:00
DEV-00514,Android 14,OrbitNote 9,true,2025-04-21 00:00:00+00:00
DEV-00515,Android 13,TigerTab 8,false,2025-04-01 00:00:00+00:00
DEV-00516,macOS 14,PearBook Air,true,2024-07-01 00:00:00+00:00
DEV-00517,iOS 17,iSphere 15,true,2024-08-11 00:00:00+00:00
DEV-00518,Android 13,TigerTab 8,true,2024-06-28 00:00:00+00:00
DEV-00519,iOS 16,iSphere 13,true,2025-04-17 00:00:00+00:00
DEV-00520,iOS 16,iSphere 13,true,2024-11-23 00:00:00+00:00
DEV-00521,Android 13,TigerTab 8,true,2025-06-25 00:00:00+00:00
DEV-00522,Android 12,ZenLite 5,true,2024-10-15 00:00:00+00:00
DEV-00523,Windows 11,FusionBook Pro,true,2024-12-03 00:00:00+00:00
DEV-00524,macOS 14,PearBook Air,true,2025-04-07 00:00:00+00:00
DEV-00525,Windows 11,FusionBook Pro,false,2024-07-08 00:00:00+00:00
DEV-00526,Android 13,NovaPhone 12,true,2024-10-12 00:00:00+00:00
DEV-00527,iOS 17,iSphere 15,true,2025-06-13 00:00:00+00:00
DEV-00528,Android 13,NovaPhone 12,true,2025-03-19 00:00:00+00:00
DEV-00529,Android 14,Pixel Vista X,true,2025-03-27 00:00:00+00:00
DEV-00530,iOS 16,iSphere 13,true,2024-09-22 00:00:00+00:00
DEV-00531,macOS 14,PearBook Air,true,2024-06-19 00:00:00+00:00
DEV-00532,iOS 17,iSphere Mini,true,2024-12-18 00:00:00+00:00
DEV-00533,Android 14,OrbitNote 9,true,2025-08-18 00:00:00+00:00
DEV-00534,iOS 17,iSphere 15,true,2024-11-24 00:00:00+00:00
DEV-00535,Android 13,NovaPhone 12,true,2024-12-04 00:00:00+00:00
DEV-00536,Windows 11,FusionBook Pro,true,2025-06-08 00:00:00+00:00
DEV-00537,Android 14,OrbitNote 9,true,2024-12-20 00:00:00+00:00
DEV-00538,Android 13,TigerTab 8,true,2024-07-09 00:00:00+00:00
DEV-00539,Android 14,Pixel Vista X,false,2025-06-30 00:00:00+00:00
DEV-00540,iOS 17,iSphere Mini,true,2025-05-09 00:00:00+00:00
DEV-00541,Android 12,ZenLite 5,true,2025-03-14 00:00:00+00:00
DEV-00542,Android 12,ZenLite 5,true,2025-03-04 00:00:00+00:00
DEV-00543,Android 13,NovaPhone 12,true,2024-06-19 00:00:00+00:00
DEV-00544,iOS 17,iSphere 15,true,2025-01-03 00:00:00+00:00
DEV-00545,Windows 11,FusionBook Pro,true,2024-06-05 00:00:00+00:00
DEV-00546,Android 14,OrbitNote 9,true,2024-09-18 00:00:00+00:00
DEV-00547,Android 14,Pixel Vista X,true,2025-01-20 00:00:00+00:00
DEV-00548,Android 14,OrbitNote 9,true,2024-07-11 00:00:00+00:00
DEV-00549,iOS 17,iSphere 15,true,2025-06-19 00:00:00+00:00
DEV-00550,Android 14,Pixel Vista X,true,2024-10-26 00:00:00+00:00
DEV-00551,Windows 11,FusionBook Pro,true,2025-04-22 00:00:00+00:00
DEV-00552,iOS 16,iSphere 13,true,2025-02-21 00:00:00+00:00
DEV-00553,iOS 17,iSphere 15,true,2024-12-09 00:00:00+00:00
DEV-00554,Windows 11,FusionBook Pro,true,2024-11-19 00:00:00+00:00
DEV-00555,Android 12,ZenLite 5,true,2024-10-17 00:00:00+00:00
DEV-00556,iOS 17,iSphere Mini,true,2024-05-24 00:00:00+00:00
DEV-00557,macOS 14,PearBook Air,true,2024-08-07 00:00:00+00:00
DEV-00558,iOS 16,iSphere 13,false,2024-09-23 00:00:00+00:00
DEV-00559,iOS 17,iSphere Mini,true,2025-03-19 00:00:00+00:00
DEV-00560,Android 14,OrbitNote 9,true,2024-09-23 00:00:00+00:00
DEV-00561,Android 14,OrbitNote 9,true,2025-02-11 00:00:00+00:00
DEV-00562,iOS 17,iSphere Mini,true,2025-04-15 00:00:00+00:00
DEV-00563,Android 14,Pixel Vista X,true,2024-12-28 00:00:00+00:00
DEV-00564,Windows 11,FusionBook Pro,true,2024-11-21 00:00:00+00:00
DEV-00565,Android 13,NovaPhone 12,false,2025-02-02 00:00:00+00:00
DEV-00566,Android 14,Pixel Vista X,true,2025-03-03 00:00:00+00:00
DEV-00567,iOS 17,iSphere 15,true,2025-06-25 00:00:00+00:00
DEV-00568,Android 12,ZenLite 5,true,2025-06-10 00:00:00+00:00
DEV-00569,Windows 11,FusionBook Pro,true,2025-06-10 00:00:00+00:00
DEV-00570,Android 12,ZenLite 5,true,2025-06-24 00:00:00+00:00
DEV-00571,iOS 16,iSphere 13,true,2024-09-28 00:00:00+00:00
DEV-00572,Windows 11,FusionBook Pro,true,2025-08-27 00:00:00+00:00
DEV-00573,Android 13,NovaPhone 12,true,2025-07-10 00:00:00+00:00
DEV-00574,macOS 14,PearBook Air,true,2025-01-03 00:00:00+00:00
DEV-00575,Android 14,Pixel Vista X,true,2024-12-21 00:00:00+00:00
DEV-00576,Android 13,NovaPhone 12,true,2024-12-10 00:00:00+00:00
DEV-00577,Android 13,NovaPhone 12,true,2024-11-30 00:00:00+00:00
DEV-00578,Android 12,ZenLite 5,true,2024-11-22 00:00:00+00:00
DEV-00579,Android 14,OrbitNote 9,true,2024-07-10 00:00:00+00:00
DEV-00580,Android 14,Pixel Vista X,true,2025-08-09 00:00:00+00:00
DEV-00581,iOS 16,iSphere 13,true,2024-09-07 00:00:00+00:00
DEV-00582,Android 14,OrbitNote 9,true,2024-06-16 00:00:00+00:00
DEV-00583,macOS 14,PearBook Air,true,2024-10-19 00:00:00+00:00
DEV-00584,iOS 17,iSphere 15,true,2025-07-05 00:00:00+00:00
DEV-00585,Android 14,OrbitNote 9,true,2024-10-12 00:00:00+00:00
DEV-00586,iOS 17,iSphere 15,true,2025-06-21 00:00:00+00:00
DEV-00587,Android 13,NovaPhone 12,true,2025-06-25 00:00:00+00:00
DEV-00588,Android 13,TigerTab 8,true,2024-11-08 00:00:00+00:00
DEV-00589,Android 14,OrbitNote 9,true,2025-06-29 00:00:00+00:00
DEV-00590,Android 14,OrbitNote 9,true,2025-04-22 00:00:00+00:00
DEV-00591,Windows 11,FusionBook Pro,true,2025-08-31 00:00:00+00:00
DEV-00592,iOS 17,iSphere 15,true,2024-06-06 00:00:00+00:00
DEV-00593,Android 13,NovaPhone 12,true,2024-09-25 00:00:00+00:00
DEV-00594,macOS 14,PearBook Air,true,2025-05-18 00:00:00+00:00
DEV-00595,Android 12,ZenLite 5,true,2024-11-01 00:00:00+00:00
DEV-00596,iOS 17,iSphere Mini,true,2024-08-01 00:00:00+00:00
DEV-00597,iOS 17,iSphere 15,true,2024-09-30 00:00:00+00:00
DEV-00598,Android 14,OrbitNote 9,true,2024-11-16 00:00:00+00:00
DEV-00599,Android 14,OrbitNote 9,true,2024-11-22 00:00:00+00:00
DEV-00600,macOS 14,PearBook Air,true,2025-08-10 00:00:00+00:00
DEV-00601,Android 14,OrbitNote 9,true,2025-03-29 00:00:00+00:00
DEV-00602,Android 12,ZenLite 5,true,2025-06-21 00:00:00+00:00
DEV-00603,Android 12,ZenLite 5,true,2024-12-04 00:00:00+00:00
DEV-00604,iOS 17,iSphere 15,true,2024-11-28 00:00:00+00:00
DEV-00605,iOS 17,iSphere Mini,true,2024-05-23 00:00:00+00:00
DEV-00606,Android 13,NovaPhone 12,true,2024-07-18 00:00:00+00:00
DEV-00607,iOS 16,iSphere 13,true,2024-12-14 00:00:00+00:00
DEV-00608,Android 12,ZenLite 5,true,2025-05-06 00:00:00+00:00
DEV-00609,iOS 17,iSphere 15,true,2025-06-15 00:00:00+00:00
DEV-00610,Android 12,ZenLite 5,true,2024-07-15 00:00:00+00:00
DEV-00611,Android 14,OrbitNote 9,true,2025-05-17 00:00:00+00:00
DEV-00612,Android 14,OrbitNote 9,true,2025-03-20 00:00:00+00:00
DEV-00613,iOS 16,iSphere 13,false,2024-06-06 00:00:00+00:00
DEV-00614,iOS 17,iSphere Mini,true,2025-07-17 00:00:00+00:00
DEV-00615,iOS 17,iSphere Mini,true,2025-04-27 00:00:00+00:00
DEV-00616,Android 14,Pixel Vista X,true,2024-11-03 00:00:00+00:00
DEV-00617,Android 13,TigerTab 8,true,2024-05-20 00:00:00+00:00
DEV-00618,Windows 11,FusionBook Pro,true,2025-07-22 00:00:00+00:00
DEV-00619,Android 12,ZenLite 5,true,2024-12-18 00:00:00+00:00
DEV-00620,Android 14,Pixel Vista X,true,2024-09-09 00:00:00+00:00
DEV-00621,Windows 11,FusionBook Pro,true,2025-04-14 00:00:00+00:00
DEV-00622,Windows 11,FusionBook Pro,true,2024-12-25 00:00:00+00:00
DEV-00623,iOS 17,iSphere Mini,true,2024-09-01 00:00:00+00:00
DEV-00624,Android 14,Pixel Vista X,true,2024-11-18 00:00:00+00:00
DEV-00625,Android 14,OrbitNote 9,true,2024-08-19 00:00:00+00:00
DEV-00626,Android 13,TigerTab 8,true,2024-09-17 00:00:00+00:00
DEV-00627,iOS 17,iSphere 15,true,2025-03-29 00:00:00+00:00
DEV-00628,iOS 16,iSphere 13,true,2025-04-15 00:00:00+00:00
DEV-00629,Android 13,TigerTab 8,true,2025-06-11 00:00:00+00:00
DEV-00630,Windows 11,FusionBook Pro,true,2024-11-18 00:00:00+00:00
DEV-00631,Android 13,TigerTab 8,true,2025-02-22 00:00:00+00:00
DEV-00632,Windows 11,FusionBook Pro,false,2024-11-16 00:00:00+00:00
DEV-00633,macOS 14,PearBook Air,false,2025-03-04 00:00:00+00:00
DEV-00634,macOS 14,PearBook Air,true,2025-03-11 00:00:00+00:00
DEV-00635,Android 14,OrbitNote 9,true,2025-01-23 00:00:00+00:00
DEV-00636,macOS 14,PearBook Air,true,2024-08-14 00:00:00+00:00
DEV-00637,Android 14,Pixel Vista X,true,2024-07-07 00:00:00+00:00
DEV-00638,Android 13,NovaPhone 12,true,2025-03-08 00:00:00+00:00
DEV-00639,Windows 11,FusionBook Pro,true,2024-11-02 00:00:00+00:00
DEV-00640,iOS 16,iSphere 13,true,2024-12-03 00:00:00+00:00
DEV-00641,iOS 16,iSphere 13,true,2024-12-03 00:00:00+00:00
DEV-00642,iOS 16,iSphere 13,true,2025-03-22 00:00:00+00:00
DEV-00643,Android 14,OrbitNote 9,true,2024-08-14 00:00:00+00:00
DEV-00644,Android 12,ZenLite 5,true,2025-05-27 00:00:00+00:00
DEV-00645,macOS 14,PearBook Air,true,2025-01-03 00:00:00+00:00
DEV-00646,iOS 17,iSphere 15,true,2024-09-02 00:00:00+00:00
DEV-00647,Android 14,OrbitNote 9,false,2024-09-16 00:00:00+00:00
DEV-00648,Android 14,OrbitNote 9,true,2024-11-14 00:00:00+00:00
DEV-00649,Android 14,OrbitNote 9,true,2025-02-14 00:00:00+00:00
DEV-00650,Android 12,ZenLite 5,true,2024-12-22 00:00:00+00:00
DEV-00651,Windows 11,FusionBook Pro,true,2024-10-15 00:00:00+00:00
DEV-00652,Android 13,NovaPhone 12,true,2025-03-04 00:00:00+00:00
DEV-00653,Android 12,ZenLite 5,true,2025-04-14 00:00:00+00:00
DEV-00654,Android 12,ZenLite 5,true,2025-01-07 00:00:00+00:00
DEV-00655,Android 12,ZenLite 5,true,2024-06-10 00:00:00+00:00
DEV-00656,macOS 14,PearBook Air,true,2025-02-17 00:00:00+00:00
DEV-00657,iOS 17,iSphere 15,true,2025-03-14 00:00:00+00:00
DEV-00658,iOS 16,iSphere 13,true,2024-10-10 00:00:00+00:00
DEV-00659,iOS 17,iSphere Mini,false,2025-08-29 00:00:00+00:00
DEV-00660,Android 14,OrbitNote 9,true,2024-12-02 00:00:00+00:00
DEV-00661,Windows 11,FusionBook Pro,true,2024-11-20 00:00:00+00:00
DEV-00662,macOS 14,PearBook Air,true,2025-08-31 00:00:00+00:00
DEV-00663,Android 14,Pixel Vista X,true,2025-07-02 00:00:00+00:00
DEV-00664,Android 13,TigerTab 8,true,2024-11-25 00:00:00+00:00
DEV-00665,Android 12,ZenLite 5,true,2025-05-05 00:00:00+00:00
DEV-00666,iOS 17,iSphere 15,true,2024-06-09 00:00:00+00:00
DEV-00667,Android 14,Pixel Vista X,true,2024-12-05 00:00:00+00:00
DEV-00668,iOS 17,iSphere 15,false,2024-07-02 00:00:00+00:00
DEV-00669,macOS 14,PearBook Air,true,2025-05-30 00:00:00+00:00
DEV-00670,Android 14,OrbitNote 9,false,2025-01-20 00:00:00+00:00
DEV-00671,Android 13,TigerTab 8,false,2024-10-20 00:00:00+00:00
DEV-00672,iOS 17,iSphere 15,true,2025-05-30 00:00:00+00:00
DEV-00673,Android 14,OrbitNote 9,true,2024-06-04 00:00:00+00:00
DEV-00674,iOS 17,iSphere Mini,true,2024-11-11 00:00:00+00:00
DEV-00675,Android 13,NovaPhone 12,true,2024-07-18 00:00:00+00:00
DEV-00676,Windows 11,FusionBook Pro,true,2024-10-18 00:00:00+00:00
DEV-00677,Android 13,TigerTab 8,true,2025-04-08 00:00:00+00:00
DEV-00678,iOS 17,iSphere 15,true,2025-02-24 00:00:00+00:00
DEV-00679,Android 13,TigerTab 8,true,2025-08-05 00:00:00+00:00
DEV-00680,Android 14,Pixel Vista X,true,2025-04-29 00:00:00+00:00
DEV-00681,Android 12,ZenLite 5,true,2025-04-03 00:00:00+00:00
DEV-00682,Windows 11,FusionBook Pro,true,2025-04-05 00:00:00+00:00
DEV-00683,macOS 14,PearBook Air,true,2024-10-01 00:00:00+00:00
DEV-00684,Android 14,OrbitNote 9,true,2024-09-29 00:00:00+00:00
DEV-00685,iOS 16,iSphere 13,true,2024-10-20 00:00:00+00:00
DEV-00686,Android 14,OrbitNote 9,true,2025-03-04 00:00:00+00:00
DEV-00687,Windows 11,FusionBook Pro,true,2025-01-26 00:00:00+00:00
DEV-00688,iOS 17,iSphere 15,true,2025-03-04 00:00:00+00:00
DEV-00689,iOS 16,iSphere 13,true,2024-12-17 00:00:00+00:00
DEV-00690,macOS 14,PearBook Air,true,2024-07-07 00:00:00+00:00
DEV-00691,iOS 16,iSphere 13,false,2025-03-26 00:00:00+00:00
DEV-00692,Android 12,ZenLite 5,true,2024-12-30 00:00:00+00:00
DEV-00693,iOS 17,iSphere Mini,true,2024-09-23 00:00:00+00:00
DEV-00694,Windows 11,FusionBook Pro,true,2025-06-01 00:00:00+00:00
DEV-00695,Windows 11,FusionBook Pro,false,2025-05-02 00:00:00+00:00
DEV-00696,macOS 14,PearBook Air,true,2024-10-25 00:00:00+00:00
DEV-00697,iOS 17,iSphere Mini,true,2025-04-01 00:00:00+00:00
DEV-00698,iOS 17,iSphere Mini,true,2025-06-08 00:00:00+00:00
DEV-00699,Android 12,ZenLite 5,true,2024-09-01 00:00:00+00:00
DEV-00700,Android 12,ZenLite 5,true,2024-09-19 00:00:00+00:00
DEV-00701,Android 13,NovaPhone 12,false,2025-03-19 00:00:00+00:00
DEV-00702,Android 14,Pixel Vista X,false,2025-06-12 00:00:00+00:00
DEV-00703,Android 14,Pixel Vista X,false,2025-01-23 00:00:00+00:00
DEV-00704,macOS 14,PearBook Air,false,2025-01-25 00:00:00+00:00
DEV-00705,Android 13,NovaPhone 12,false,2025-07-20 00:00:00+00:00
DEV-00706,iOS 17,iSphere 15,false,2025-06-02 00:00:00+00:00
DEV-00707,Android 13,TigerTab 8,false,2024-12-27 00:00:00+00:00
DEV-00708,Windows 11,FusionBook Pro,false,2025-01-12 00:00:00+00:00
DEV-00709,macOS 14,PearBook Air,false,2025-01-25 00:00:00+00:00
DEV-00710,Android 14,OrbitNote 9,false,2025-07-14 00:00:00+00:00
DEV-00711,macOS 14,PearBook Air,false,2024-12-07 00:00:00+00:00
DEV-00712,Android 14,OrbitNote 9,false,2025-05-13 00:00:00+00:00
DEV-00713,Android 12,ZenLite 5,false,2025-02-11 00:00:00+00:00
DEV-00714,Android 12,ZenLite 5,false,2025-05-23 00:00:00+00:00
DEV-00715,macOS 14,PearBook Air,false,2025-01-11 00:00:00+00:00
DEV-00716,macOS 14,PearBook Air,false,2025-08-07 00:00:00+00:00
DEV-00717,Android 13,TigerTab 8,false,2025-07-22 00:00:00+00:00
DEV-00718,macOS 14,PearBook Air,false,2025-08-17 00:00:00+00:00
