experiment,metric,policy,scenario,value
E1,transactions_evaluated,autonomous-v1,,6
E1,would_release,autonomous-v1,,3
E1,would_block,autonomous-v1,,2
E1,would_manual_review,autonomous-v1,,0
E1,would_no_action,autonomous-v1,,1
E1,gate_vetoes,autonomous-v1,,0
E1,false_recovery,autonomous-v1,,0
E1,missed_recovery,autonomous-v1,,0
E1,provider_calls_avoided,autonomous-v1,,3
E1,decision_latency_ms_avg,autonomous-v1,,0.013
E1,transactions_evaluated,manual-only-baseline,,6
E1,would_release,manual-only-baseline,,0
E1,would_block,manual-only-baseline,,0
E1,would_manual_review,manual-only-baseline,,3
E1,would_no_action,manual-only-baseline,,3
E1,gate_vetoes,manual-only-baseline,,0
E1,false_recovery,manual-only-baseline,,0
E1,missed_recovery,manual-only-baseline,,3
E1,provider_calls_avoided,manual-only-baseline,,6
E1,decision_latency_ms_avg,manual-only-baseline,,0.003
E1,transactions_evaluated,autonomous-v2-experimental,,6
E1,would_release,autonomous-v2-experimental,,3
E1,would_block,autonomous-v2-experimental,,2
E1,would_manual_review,autonomous-v2-experimental,,0
E1,would_no_action,autonomous-v2-experimental,,1
E1,gate_vetoes,autonomous-v2-experimental,,0
E1,false_recovery,autonomous-v2-experimental,,0
E1,missed_recovery,autonomous-v2-experimental,,0
E1,provider_calls_avoided,autonomous-v2-experimental,,3
E1,decision_latency_ms_avg,autonomous-v2-experimental,,0.011
E2,v1_gate_vetoes_on_corpus,autonomous-v1,,0
E2,gate_invariants_held,,CONCURRENT_RECOVERY,5
E2,gate_invariants_total,,CONCURRENT_RECOVERY,5
E2,gate_invariants_held,,LATE_SETTLEMENT,6
E2,gate_invariants_total,,LATE_SETTLEMENT,6
E3,verdict,,GATEWAY_TIMEOUT,PASS
E3,invariants_held,,GATEWAY_TIMEOUT,4
E3,invariants_total,,GATEWAY_TIMEOUT,4
E3,verdict,,GATEWAY_ERROR,PASS
E3,invariants_held,,GATEWAY_ERROR,4
E3,invariants_total,,GATEWAY_ERROR,4
E3,verdict,,MERCHANT_TIMEOUT,PASS
E3,invariants_held,,MERCHANT_TIMEOUT,4
E3,invariants_total,,MERCHANT_TIMEOUT,4
E3,verdict,,LATE_SETTLEMENT,PASS
E3,invariants_held,,LATE_SETTLEMENT,6
E3,invariants_total,,LATE_SETTLEMENT,6
E3,verdict,,DUPLICATE_EVENT,PASS
E3,invariants_held,,DUPLICATE_EVENT,5
E3,invariants_total,,DUPLICATE_EVENT,5
E3,verdict,,OUT_OF_ORDER_EVENT,PASS
E3,invariants_held,,OUT_OF_ORDER_EVENT,5
E3,invariants_total,,OUT_OF_ORDER_EVENT,5
E3,verdict,,PROVIDER_TIMEOUT,PASS
E3,invariants_held,,PROVIDER_TIMEOUT,6
E3,invariants_total,,PROVIDER_TIMEOUT,6
E3,verdict,,PROVIDER_ERROR,PASS
E3,invariants_held,,PROVIDER_ERROR,6
E3,invariants_total,,PROVIDER_ERROR,6
E3,verdict,,CONCURRENT_RECOVERY,PASS
E3,invariants_held,,CONCURRENT_RECOVERY,5
E3,invariants_total,,CONCURRENT_RECOVERY,5
E3,verdict,,DB_FAILURE_SIMULATION,SKIP
E3,invariants_held,,DB_FAILURE_SIMULATION,0
E3,invariants_total,,DB_FAILURE_SIMULATION,0
E4,recovery_latency_ms.count,,,18
E4,recovery_latency_ms.avg_ms,,,5607.978792611195
E4,recovery_latency_ms.min_ms,,,25.741170000401326
E4,recovery_latency_ms.max_ms,,,10183.853493000242
E4,risk_latency_ms.count,,,1
E4,risk_latency_ms.avg_ms,,,19.9
E4,risk_latency_ms.min_ms,,,19.9
E4,risk_latency_ms.max_ms,,,19.9
E4,reconstruction_latency_ms.count,,,1
E4,reconstruction_latency_ms.avg_ms,,,0.0600200000917539
E4,reconstruction_latency_ms.min_ms,,,0.0600200000917539
E4,reconstruction_latency_ms.max_ms,,,0.0600200000917539
