transaction_id,recorded_anomaly,recorded_candidate,amount_bdt,v1_action,v1_gate_vetoed,baseline_action
TXN-0000001,SUCCESSFUL_BUT_UNCONFIRMED,False,2252.42,NO_ACTION,False,NO_ACTION
TXN-0000020,GENUINE_FAILURE,True,9831.98,RELEASE_LIMIT,False,MANUAL_REVIEW
TXN-0000030,GENUINE_FAILURE,True,1022.78,RELEASE_LIMIT,False,MANUAL_REVIEW
TXN-0000032,GENUINE_FAILURE,True,392.68,RELEASE_LIMIT,False,MANUAL_REVIEW
TXN-0000051,GENUINE_FAILURE,True,797.8,RELEASE_LIMIT,False,MANUAL_REVIEW
TXN-0000089,INCOMPLETE,False,1259.5,NO_ACTION,False,NO_ACTION
TXN-0000093,GENUINE_FAILURE,True,1583.35,NO_ACTION,False,NO_ACTION
TXN-0000094,INCOMPLETE,False,4000.67,NO_ACTION,False,NO_ACTION
TXN-0000112,GENUINE_FAILURE,True,5.03,RELEASE_LIMIT,False,MANUAL_REVIEW
TXN-0000117,GENUINE_FAILURE,True,28.25,RELEASE_LIMIT,False,MANUAL_REVIEW
TXN-0000125,GENUINE_FAILURE,True,22.24,RELEASE_LIMIT,False,MANUAL_REVIEW
TXN-0000127,GENUINE_FAILURE,True,11.22,NO_ACTION,False,NO_ACTION
TXN-0000134,DUPLICATE_TRANSACTION,False,7668.65,RELEASE_LIMIT,False,MANUAL_REVIEW
TXN-0000167,SUCCESSFUL_BUT_UNCONFIRMED,False,1667.83,NO_ACTION,False,NO_ACTION
TXN-0000172,GENUINE_FAILURE,True,1494.28,RELEASE_LIMIT,False,MANUAL_REVIEW
TXN-0000188,GENUINE_FAILURE,True,22769.49,RELEASE_LIMIT,False,MANUAL_REVIEW
TXN-0000194,SUCCESSFUL_BUT_UNCONFIRMED,False,20544.1,NO_ACTION,False,NO_ACTION
TXN-0000198,GENUINE_FAILURE,True,12488.75,RELEASE_LIMIT,False,MANUAL_REVIEW
TXN-0000199,GENUINE_FAILURE,True,36074.68,NO_ACTION,False,NO_ACTION
TXN-0000201,DOUBLE_DEDUCTION,False,45693.02,NO_ACTION,False,NO_ACTION
TXN-0000204,GENUINE_FAILURE,True,1631.67,NO_ACTION,False,NO_ACTION
TXN-0000205,DOUBLE_DEDUCTION,False,4562.42,NO_ACTION,False,NO_ACTION
TXN-0000210,DOUBLE_DEDUCTION,False,21594.91,NO_ACTION,False,NO_ACTION
TXN-0000213,GENUINE_FAILURE,True,84697.39,RELEASE_LIMIT,False,MANUAL_REVIEW
TXN-0000216,GENUINE_FAILURE,True,5443.81,RELEASE_LIMIT,False,MANUAL_REVIEW
TXN-0000219,GENUINE_FAILURE,True,26265.14,RELEASE_LIMIT,False,MANUAL_REVIEW
TXN-0000226,INCOMPLETE,False,8761.68,NO_ACTION,False,NO_ACTION
TXN-0000230,GENUINE_FAILURE,True,365.72,RELEASE_LIMIT,False,MANUAL_REVIEW
TXN-0000233,GENUINE_FAILURE,True,3119.39,RELEASE_LIMIT,False,MANUAL_REVIEW
TXN-0000235,SUCCESSFUL_BUT_UNCONFIRMED,False,2453.56,NO_ACTION,False,NO_ACTION
TXN-0000252,GENUINE_FAILURE,True,3.55,RELEASE_LIMIT,False,MANUAL_REVIEW
TXN-0000257,GENUINE_FAILURE,True,394.23,NO_ACTION,False,NO_ACTION
TXN-0000266,DOUBLE_DEDUCTION,False,2824.31,NO_ACTION,False,NO_ACTION
TXN-0000298,GENUINE_FAILURE,True,518.13,RELEASE_LIMIT,False,MANUAL_REVIEW
TXN-0000302,GENUINE_FAILURE,True,1621.89,RELEASE_LIMIT,False,MANUAL_REVIEW
TXN-0000307,GENUINE_FAILURE,True,1035.78,RELEASE_LIMIT,False,MANUAL_REVIEW
TXN-0000308,INCOMPLETE,False,2184.36,NO_ACTION,False,NO_ACTION
TXN-0000319,GENUINE_FAILURE,True,663.78,RELEASE_LIMIT,False,MANUAL_REVIEW
TXN-0000325,GENUINE_FAILURE,True,976.46,RELEASE_LIMIT,False,MANUAL_REVIEW
TXN-0000338,GENUINE_FAILURE,True,755.72,RELEASE_LIMIT,False,MANUAL_REVIEW
TXN-0000348,GENUINE_FAILURE,True,1224.59,RELEASE_LIMIT,False,MANUAL_REVIEW
TXN-0000363,FALSE_COMPLAINT,False,1410.86,NO_ACTION,False,NO_ACTION
TXN-0000382,GENUINE_FAILURE,True,13450.12,RELEASE_LIMIT,False,MANUAL_REVIEW
TXN-0000393,GENUINE_FAILURE,True,776.83,NO_ACTION,False,NO_ACTION
TXN-0000394,GENUINE_FAILURE,True,1117.99,RELEASE_LIMIT,False,MANUAL_REVIEW
TXN-0000413,GENUINE_FAILURE,True,49.96,RELEASE_LIMIT,False,MANUAL_REVIEW
TXN-0000414,SUCCESSFUL_BUT_UNCONFIRMED,False,51.36,NO_ACTION,False,NO_ACTION
TXN-0000415,GENUINE_FAILURE,True,3.95,RELEASE_LIMIT,False,MANUAL_REVIEW
TXN-0000417,GENUINE_FAILURE,True,14.84,RELEASE_LIMIT,False,MANUAL_REVIEW
TXN-0000420,DOUBLE_DEDUCTION,False,3.83,NO_ACTION,False,NO_ACTION
TXN-0000424,GENUINE_FAILURE,True,12.95,RELEASE_LIMIT,False,MANUAL_REVIEW
TXN-0000434,GENUINE_FAILURE,True,258.93,NO_ACTION,False,NO_ACTION
TXN-0000445,GENUINE_FAILURE,True,52.0,NO_ACTION,False,NO_ACTION
TXN-0000472,SUCCESSFUL_BUT_UNCONFIRMED,False,835.42,NO_ACTION,False,NO_ACTION
TXN-0000495,DOUBLE_DEDUCTION,False,2316.38,NO_ACTION,False,NO_ACTION
TXN-0000505,GENUINE_FAILURE,True,11124.34,RELEASE_LIMIT,False,MANUAL_REVIEW
TXN-0000508,DOUBLE_DEDUCTION,False,15236.75,NO_ACTION,False,NO_ACTION
TXN-0000511,GENUINE_FAILURE,True,25110.78,RELEASE_LIMIT,False,MANUAL_REVIEW
TXN-0000529,SUCCESSFUL_BUT_UNCONFIRMED,False,9651.55,NO_ACTION,False,NO_ACTION
TXN-0000530,GENUINE_FAILURE,True,3185.32,RELEASE_LIMIT,False,MANUAL_REVIEW
TXN-0000537,GENUINE_FAILURE,True,909.34,RELEASE_LIMIT,True,MANUAL_REVIEW
TXN-0000540,GENUINE_FAILURE,True,1687.0,RELEASE_LIMIT,False,MANUAL_REVIEW
TXN-0000542,GENUINE_FAILURE,True,723.45,RELEASE_LIMIT,False,MANUAL_REVIEW
TXN-0000545,GENUINE_FAILURE,True,273.07,RELEASE_LIMIT,False,MANUAL_REVIEW
TXN-0000551,DUPLICATE_TRANSACTION,False,662.58,RELEASE_LIMIT,False,MANUAL_REVIEW
TXN-0000559,GENUINE_FAILURE,True,635.85,RELEASE_LIMIT,False,MANUAL_REVIEW
TXN-0000583,GENUINE_FAILURE,True,4.99,RELEASE_LIMIT,True,MANUAL_REVIEW
TXN-0000605,GENUINE_FAILURE,True,405.24,RELEASE_LIMIT,False,MANUAL_REVIEW
TXN-0000616,GENUINE_FAILURE,True,889.28,RELEASE_LIMIT,False,MANUAL_REVIEW
TXN-0000622,DUPLICATE_TRANSACTION,False,553.22,RELEASE_LIMIT,False,MANUAL_REVIEW
TXN-0000641,GENUINE_FAILURE,True,6396.37,NO_ACTION,False,NO_ACTION
TXN-0000642,GENUINE_FAILURE,True,692.9,RELEASE_LIMIT,True,MANUAL_REVIEW
TXN-0000647,DOUBLE_DEDUCTION,False,1979.78,NO_ACTION,False,NO_ACTION
TXN-0000665,DOUBLE_DEDUCTION,False,32318.59,NO_ACTION,False,NO_ACTION
TXN-0000668,GENUINE_FAILURE,True,3192.34,RELEASE_LIMIT,False,MANUAL_REVIEW
TXN-0000672,GENUINE_FAILURE,True,586.33,RELEASE_LIMIT,False,MANUAL_REVIEW
TXN-0000675,GENUINE_FAILURE,True,680.04,RELEASE_LIMIT,False,MANUAL_REVIEW
TXN-0000676,GENUINE_FAILURE,True,6426.23,RELEASE_LIMIT,False,MANUAL_REVIEW
TXN-0000677,GENUINE_FAILURE,True,4460.14,RELEASE_LIMIT,False,MANUAL_REVIEW
TXN-0000679,GENUINE_FAILURE,True,2546.66,RELEASE_LIMIT,False,MANUAL_REVIEW
TXN-0000680,GENUINE_FAILURE,True,13450.33,RELEASE_LIMIT,False,MANUAL_REVIEW
TXN-0000685,GENUINE_FAILURE,True,2466.67,RELEASE_LIMIT,False,MANUAL_REVIEW
TXN-0000697,INCOMPLETE,False,1065.35,NO_ACTION,False,NO_ACTION
TXN-0000713,GENUINE_FAILURE,True,1019.25,RELEASE_LIMIT,False,MANUAL_REVIEW
TXN-0000729,GENUINE_FAILURE,True,454.74,RELEASE_LIMIT,False,MANUAL_REVIEW
TXN-0000733,GENUINE_FAILURE,True,2128.9,RELEASE_LIMIT,False,MANUAL_REVIEW
TXN-0000764,GENUINE_FAILURE,True,301.56,RELEASE_LIMIT,False,MANUAL_REVIEW
TXN-0000781,GENUINE_FAILURE,True,454.77,NO_ACTION,False,NO_ACTION
TXN-0000783,GENUINE_FAILURE,True,641.2,RELEASE_LIMIT,True,MANUAL_REVIEW
TXN-0000790,GENUINE_FAILURE,True,235.73,RELEASE_LIMIT,False,MANUAL_REVIEW
TXN-0000791,GENUINE_FAILURE,True,1231.24,RELEASE_LIMIT,False,MANUAL_REVIEW
TXN-0000794,INCOMPLETE,False,1811.31,NO_ACTION,False,NO_ACTION
TXN-0000795,GENUINE_FAILURE,True,291.7,RELEASE_LIMIT,False,MANUAL_REVIEW
TXN-0000796,GENUINE_FAILURE,True,820.02,RELEASE_LIMIT,False,MANUAL_REVIEW
TXN-0000797,GENUINE_FAILURE,True,170.96,RELEASE_LIMIT,False,MANUAL_REVIEW
TXN-0000798,GENUINE_FAILURE,True,114.59,RELEASE_LIMIT,False,MANUAL_REVIEW
TXN-0000801,GENUINE_FAILURE,True,482.17,RELEASE_LIMIT,False,MANUAL_REVIEW
TXN-0000802,GENUINE_FAILURE,True,1091.93,RELEASE_LIMIT,False,MANUAL_REVIEW
TXN-0000803,INCOMPLETE,False,1032.88,NO_ACTION,False,NO_ACTION
TXN-0000804,GENUINE_FAILURE,True,917.99,RELEASE_LIMIT,False,MANUAL_REVIEW
TXN-0000816,GENUINE_FAILURE,True,22398.12,RELEASE_LIMIT,False,MANUAL_REVIEW
TXN-0000818,GENUINE_FAILURE,False,18022.87,RELEASE_LIMIT,False,MANUAL_REVIEW
TXN-0000821,SUCCESSFUL_BUT_UNCONFIRMED,False,58068.15,NO_ACTION,False,NO_ACTION
TXN-0000834,GENUINE_FAILURE,True,2761.01,RELEASE_LIMIT,False,MANUAL_REVIEW
TXN-0000843,GENUINE_FAILURE,True,1010.04,RELEASE_LIMIT,True,MANUAL_REVIEW
TXN-0000846,GENUINE_FAILURE,True,1035.82,RELEASE_LIMIT,False,MANUAL_REVIEW
TXN-0000851,GENUINE_FAILURE,True,920.58,RELEASE_LIMIT,False,MANUAL_REVIEW
TXN-0000870,GENUINE_FAILURE,True,7209.82,RELEASE_LIMIT,False,MANUAL_REVIEW
TXN-0000871,GENUINE_FAILURE,True,2856.81,RELEASE_LIMIT,False,MANUAL_REVIEW
TXN-0000877,GENUINE_FAILURE,True,754.71,RELEASE_LIMIT,False,MANUAL_REVIEW
TXN-0000881,GENUINE_FAILURE,True,71.87,RELEASE_LIMIT,False,MANUAL_REVIEW
TXN-0000886,GENUINE_FAILURE,True,151.46,NO_ACTION,False,NO_ACTION
TXN-0000893,INCOMPLETE,False,6.9,NO_ACTION,False,NO_ACTION
TXN-0000909,DOUBLE_DEDUCTION,False,760.75,NO_ACTION,False,NO_ACTION
TXN-0000910,GENUINE_FAILURE,True,6039.28,NO_ACTION,False,NO_ACTION
TXN-0000929,GENUINE_FAILURE,True,24025.68,NO_ACTION,False,NO_ACTION
TXN-0000935,GENUINE_FAILURE,True,2408.31,RELEASE_LIMIT,False,MANUAL_REVIEW
TXN-0000943,INCOMPLETE,False,28068.63,NO_ACTION,False,NO_ACTION
TXN-0000945,DOUBLE_DEDUCTION,False,4618.99,NO_ACTION,False,NO_ACTION
TXN-0000947,GENUINE_FAILURE,True,53141.95,RELEASE_LIMIT,False,MANUAL_REVIEW
TXN-0000950,GENUINE_FAILURE,True,17.75,RELEASE_LIMIT,False,MANUAL_REVIEW
TXN-0000961,GENUINE_FAILURE,True,3057.97,NO_ACTION,False,NO_ACTION
TXN-0001004,GENUINE_FAILURE,True,30696.06,RELEASE_LIMIT,False,MANUAL_REVIEW
TXN-0001018,GENUINE_FAILURE,True,1121.75,RELEASE_LIMIT,False,MANUAL_REVIEW
TXN-0001030,GENUINE_FAILURE,True,2398.44,RELEASE_LIMIT,False,MANUAL_REVIEW
TXN-0001049,INCOMPLETE,False,143739.7,NO_ACTION,False,NO_ACTION
TXN-0001056,GENUINE_FAILURE,True,6647.52,RELEASE_LIMIT,False,MANUAL_REVIEW
TXN-0001084,INCOMPLETE,False,1652.54,NO_ACTION,False,NO_ACTION
TXN-0001085,GENUINE_FAILURE,True,933.37,RELEASE_LIMIT,False,MANUAL_REVIEW
TXN-0001087,GENUINE_FAILURE,True,740.52,RELEASE_LIMIT,False,MANUAL_REVIEW
TXN-0001090,GENUINE_FAILURE,True,1260.99,NO_ACTION,False,NO_ACTION
TXN-0001093,SUCCESSFUL_BUT_UNCONFIRMED,False,1623.59,NO_ACTION,False,NO_ACTION
TXN-0001100,GENUINE_FAILURE,True,3029.53,RELEASE_LIMIT,False,MANUAL_REVIEW
TXN-0001106,GENUINE_FAILURE,True,416.84,RELEASE_LIMIT,False,MANUAL_REVIEW
TXN-0001119,FALSE_COMPLAINT,False,108.05,NO_ACTION,False,NO_ACTION
TXN-0001132,DOUBLE_DEDUCTION,False,1142.81,NO_ACTION,False,NO_ACTION
TXN-0001136,INCOMPLETE,False,3347.34,NO_ACTION,False,NO_ACTION
TXN-0001141,GENUINE_FAILURE,True,14.67,RELEASE_LIMIT,False,MANUAL_REVIEW
TXN-0001146,GENUINE_FAILURE,True,9.47,RELEASE_LIMIT,False,MANUAL_REVIEW
TXN-0001159,GENUINE_FAILURE,True,831.85,RELEASE_LIMIT,False,MANUAL_REVIEW
TXN-0001161,GENUINE_FAILURE,True,498.28,RELEASE_LIMIT,False,MANUAL_REVIEW
TXN-0001170,GENUINE_FAILURE,True,652.38,NO_ACTION,False,NO_ACTION
TXN-0001193,GENUINE_FAILURE,False,26874.68,RELEASE_LIMIT,False,MANUAL_REVIEW
TXN-0001195,GENUINE_FAILURE,True,888.87,RELEASE_LIMIT,False,MANUAL_REVIEW
TXN-0001206,GENUINE_FAILURE,True,9985.01,RELEASE_LIMIT,False,MANUAL_REVIEW
TXN-0001211,GENUINE_FAILURE,True,15585.7,RELEASE_LIMIT,False,MANUAL_REVIEW
TXN-0001230,INCOMPLETE,False,595.58,NO_ACTION,False,NO_ACTION
TXN-0001233,GENUINE_FAILURE,True,5503.4,RELEASE_LIMIT,False,MANUAL_REVIEW
TXN-0001240,GENUINE_FAILURE,True,377.76,RELEASE_LIMIT,True,MANUAL_REVIEW
TXN-0001246,GENUINE_FAILURE,True,612.54,RELEASE_LIMIT,False,MANUAL_REVIEW
TXN-0001262,GENUINE_FAILURE,True,701.49,NO_ACTION,False,NO_ACTION
TXN-0001274,SUCCESSFUL_BUT_UNCONFIRMED,False,952.82,NO_ACTION,False,NO_ACTION
TXN-0001278,GENUINE_FAILURE,True,2298.7,RELEASE_LIMIT,False,MANUAL_REVIEW
TXN-0001281,GENUINE_FAILURE,True,3168.87,RELEASE_LIMIT,False,MANUAL_REVIEW
TXN-0001287,GENUINE_FAILURE,True,12.02,RELEASE_LIMIT,False,MANUAL_REVIEW
TXN-0001314,GENUINE_FAILURE,True,1983.51,RELEASE_LIMIT,False,MANUAL_REVIEW
TXN-0001318,GENUINE_FAILURE,True,2320.64,NO_ACTION,False,NO_ACTION
TXN-0001322,GENUINE_FAILURE,True,3104.96,RELEASE_LIMIT,False,MANUAL_REVIEW
TXN-0001336,GENUINE_FAILURE,True,655.6,RELEASE_LIMIT,False,MANUAL_REVIEW
TXN-0001337,GENUINE_FAILURE,True,220879.19,NO_ACTION,False,NO_ACTION
TXN-0001350,INCOMPLETE,False,9323.99,NO_ACTION,False,NO_ACTION
TXN-0001352,GENUINE_FAILURE,True,2054.59,RELEASE_LIMIT,False,MANUAL_REVIEW
TXN-0001378,GENUINE_FAILURE,True,394.25,NO_ACTION,False,NO_ACTION
TXN-0001387,DUPLICATE_TRANSACTION,False,36.93,RELEASE_LIMIT,False,MANUAL_REVIEW
TXN-0001392,GENUINE_FAILURE,True,620.31,RELEASE_LIMIT,False,MANUAL_REVIEW
TXN-0001394,GENUINE_FAILURE,True,197.22,RELEASE_LIMIT,False,MANUAL_REVIEW
TXN-0001407,INCOMPLETE,False,829.59,NO_ACTION,False,NO_ACTION
TXN-0001412,GENUINE_FAILURE,True,656.95,NO_ACTION,False,NO_ACTION
TXN-0001427,GENUINE_FAILURE,True,3440.5,RELEASE_LIMIT,False,MANUAL_REVIEW
TXN-0001430,GENUINE_FAILURE,True,1347.89,RELEASE_LIMIT,True,MANUAL_REVIEW
TXN-0001451,GENUINE_FAILURE,True,10896.52,RELEASE_LIMIT,False,MANUAL_REVIEW
TXN-0001452,GENUINE_FAILURE,True,875.69,RELEASE_LIMIT,False,MANUAL_REVIEW
TXN-0001468,GENUINE_FAILURE,True,383.56,RELEASE_LIMIT,False,MANUAL_REVIEW
TXN-0001470,GENUINE_FAILURE,True,4844.95,RELEASE_LIMIT,False,MANUAL_REVIEW
TXN-0001471,GENUINE_FAILURE,True,1223.75,RELEASE_LIMIT,False,MANUAL_REVIEW
TXN-0001496,GENUINE_FAILURE,True,388.46,RELEASE_LIMIT,False,MANUAL_REVIEW
TXN-0001515,GENUINE_FAILURE,True,698.65,NO_ACTION,False,NO_ACTION
TXN-0001517,GENUINE_FAILURE,True,445.1,RELEASE_LIMIT,True,MANUAL_REVIEW
TXN-0001529,GENUINE_FAILURE,True,389.08,RELEASE_LIMIT,False,MANUAL_REVIEW
TXN-0001537,GENUINE_FAILURE,True,316.3,RELEASE_LIMIT,False,MANUAL_REVIEW
TXN-0001542,SUCCESSFUL_BUT_UNCONFIRMED,False,3240.54,NO_ACTION,False,NO_ACTION
TXN-0001551,DOUBLE_DEDUCTION,False,2151.91,NO_ACTION,False,NO_ACTION
TXN-0001564,GENUINE_FAILURE,True,260.99,RELEASE_LIMIT,False,MANUAL_REVIEW
TXN-0001588,INCOMPLETE,False,5477.73,NO_ACTION,False,NO_ACTION
TXN-0001597,GENUINE_FAILURE,True,2095.11,RELEASE_LIMIT,False,MANUAL_REVIEW
TXN-0001599,GENUINE_FAILURE,True,178.07,RELEASE_LIMIT,False,MANUAL_REVIEW
TXN-0001624,INCOMPLETE,False,562.32,NO_ACTION,False,NO_ACTION
TXN-0001636,DUPLICATE_TRANSACTION,False,5934.91,RELEASE_LIMIT,False,MANUAL_REVIEW
TXN-0001638,DOUBLE_DEDUCTION,False,5648.76,NO_ACTION,False,NO_ACTION
TXN-0001639,GENUINE_FAILURE,True,451.55,RELEASE_LIMIT,False,MANUAL_REVIEW
TXN-0001640,GENUINE_FAILURE,True,407.73,RELEASE_LIMIT,True,MANUAL_REVIEW
TXN-0001642,GENUINE_FAILURE,True,985.09,NO_ACTION,False,NO_ACTION
TXN-0001643,DOUBLE_DEDUCTION,False,31795.58,NO_ACTION,False,NO_ACTION
TXN-0001646,DUPLICATE_TRANSACTION,False,162.75,RELEASE_LIMIT,False,MANUAL_REVIEW
TXN-0001647,GENUINE_FAILURE,True,41.38,NO_ACTION,False,NO_ACTION
TXN-0001685,GENUINE_FAILURE,True,2429.55,RELEASE_LIMIT,False,MANUAL_REVIEW
TXN-0001729,INCOMPLETE,False,11739.74,NO_ACTION,False,NO_ACTION
TXN-0001731,INCOMPLETE,False,1267.03,NO_ACTION,False,NO_ACTION
TXN-0001737,SUCCESSFUL_BUT_UNCONFIRMED,False,2156.12,NO_ACTION,False,NO_ACTION
TXN-0001767,GENUINE_FAILURE,True,452.34,RELEASE_LIMIT,False,MANUAL_REVIEW
TXN-0001770,GENUINE_FAILURE,True,14306.68,RELEASE_LIMIT,False,MANUAL_REVIEW
TXN-0001772,GENUINE_FAILURE,True,37238.42,RELEASE_LIMIT,False,MANUAL_REVIEW
TXN-0001773,GENUINE_FAILURE,True,1489.06,NO_ACTION,False,NO_ACTION
TXN-0001804,INCOMPLETE,False,1.54,NO_ACTION,False,NO_ACTION
TXN-0001840,GENUINE_FAILURE,True,2118.82,RELEASE_LIMIT,False,MANUAL_REVIEW
TXN-0001861,SUCCESSFUL_BUT_UNCONFIRMED,False,37992.91,NO_ACTION,False,NO_ACTION
TXN-0001875,GENUINE_FAILURE,True,999.07,NO_ACTION,False,NO_ACTION
TXN-0001880,GENUINE_FAILURE,True,987.67,NO_ACTION,False,NO_ACTION
TXN-0001893,GENUINE_FAILURE,True,1876.05,RELEASE_LIMIT,False,MANUAL_REVIEW
TXN-0001916,GENUINE_FAILURE,True,459.92,RELEASE_LIMIT,False,MANUAL_REVIEW
TXN-0001922,GENUINE_FAILURE,True,242.94,RELEASE_LIMIT,False,MANUAL_REVIEW
TXN-0001926,GENUINE_FAILURE,True,8159.66,RELEASE_LIMIT,False,MANUAL_REVIEW
TXN-0001957,GENUINE_FAILURE,True,445.22,NO_ACTION,False,NO_ACTION
TXN-0001981,DUPLICATE_TRANSACTION,False,44.83,RELEASE_LIMIT,False,MANUAL_REVIEW
TXN-0002007,GENUINE_FAILURE,True,547.17,NO_ACTION,False,NO_ACTION
TXN-0002017,GENUINE_FAILURE,True,4889.56,NO_ACTION,False,NO_ACTION
TXN-0002022,GENUINE_FAILURE,True,2.57,RELEASE_LIMIT,False,MANUAL_REVIEW
TXN-0002052,GENUINE_FAILURE,True,2275.28,RELEASE_LIMIT,False,MANUAL_REVIEW
TXN-0002056,INCOMPLETE,False,359.76,NO_ACTION,False,NO_ACTION
TXN-0002057,GENUINE_FAILURE,True,2371.57,RELEASE_LIMIT,False,MANUAL_REVIEW
TXN-0002058,GENUINE_FAILURE,True,1387.98,RELEASE_LIMIT,False,MANUAL_REVIEW
TXN-0002104,GENUINE_FAILURE,True,1649.46,RELEASE_LIMIT,False,MANUAL_REVIEW
TXN-0002116,GENUINE_FAILURE,False,44342.87,RELEASE_LIMIT,False,MANUAL_REVIEW
TXN-0002127,SUCCESSFUL_BUT_UNCONFIRMED,False,10560.93,NO_ACTION,False,NO_ACTION
TXN-0002136,GENUINE_FAILURE,True,25816.73,RELEASE_LIMIT,False,MANUAL_REVIEW
TXN-0002191,GENUINE_FAILURE,True,163223.55,NO_ACTION,False,NO_ACTION
TXN-0002228,GENUINE_FAILURE,True,1822.07,RELEASE_LIMIT,False,MANUAL_REVIEW
TXN-0002230,GENUINE_FAILURE,True,379.57,RELEASE_LIMIT,False,MANUAL_REVIEW
TXN-0002238,DOUBLE_DEDUCTION,False,1556.75,NO_ACTION,False,NO_ACTION
TXN-0002241,INCOMPLETE,False,559.77,NO_ACTION,False,NO_ACTION
TXN-0002243,GENUINE_FAILURE,True,343.99,RELEASE_LIMIT,False,MANUAL_REVIEW
TXN-0002248,GENUINE_FAILURE,True,168.92,RELEASE_LIMIT,False,MANUAL_REVIEW
TXN-0002262,GENUINE_FAILURE,True,1759.1,RELEASE_LIMIT,False,MANUAL_REVIEW
TXN-0002264,DOUBLE_DEDUCTION,False,2639.62,NO_ACTION,False,NO_ACTION
TXN-0002271,GENUINE_FAILURE,True,2576.31,RELEASE_LIMIT,False,MANUAL_REVIEW
TXN-0002304,GENUINE_FAILURE,True,3867.21,RELEASE_LIMIT,False,MANUAL_REVIEW
TXN-0002313,SUSPICIOUS,False,52210.21,NO_ACTION,False,NO_ACTION
TXN-0002319,GENUINE_FAILURE,True,6617.99,RELEASE_LIMIT,False,MANUAL_REVIEW
TXN-0002321,FALSE_COMPLAINT,False,596.46,NO_ACTION,False,NO_ACTION
TXN-0002322,GENUINE_FAILURE,True,997.47,NO_ACTION,False,NO_ACTION
TXN-0002324,GENUINE_FAILURE,True,10810.35,RELEASE_LIMIT,False,MANUAL_REVIEW
TXN-0002338,GENUINE_FAILURE,True,1015531.67,RELEASE_LIMIT,False,MANUAL_REVIEW
TXN-0002344,SUCCESSFUL_BUT_UNCONFIRMED,False,23127.85,NO_ACTION,False,NO_ACTION
TXN-0002360,GENUINE_FAILURE,True,3282.63,RELEASE_LIMIT,False,MANUAL_REVIEW
TXN-0002362,GENUINE_FAILURE,True,2423.6,NO_ACTION,False,NO_ACTION
TXN-0002370,GENUINE_FAILURE,True,11705.71,RELEASE_LIMIT,False,MANUAL_REVIEW
TXN-0002374,GENUINE_FAILURE,True,3934.07,RELEASE_LIMIT,False,MANUAL_REVIEW
TXN-0002380,GENUINE_FAILURE,True,1364.32,RELEASE_LIMIT,False,MANUAL_REVIEW
TXN-0002395,GENUINE_FAILURE,True,1002.34,NO_ACTION,False,NO_ACTION
TXN-0002398,GENUINE_FAILURE,True,8834.38,RELEASE_LIMIT,False,MANUAL_REVIEW
TXN-0002408,INCOMPLETE,False,3926.92,NO_ACTION,False,NO_ACTION
TXN-0002414,GENUINE_FAILURE,True,2123.55,NO_ACTION,False,NO_ACTION
TXN-0002422,SUCCESSFUL_BUT_UNCONFIRMED,False,43290.46,NO_ACTION,False,NO_ACTION
TXN-0002423,GENUINE_FAILURE,True,4013.83,RELEASE_LIMIT,False,MANUAL_REVIEW
TXN-0002434,GENUINE_FAILURE,True,1223.25,RELEASE_LIMIT,False,MANUAL_REVIEW
TXN-0002451,GENUINE_FAILURE,True,1141.26,RELEASE_LIMIT,False,MANUAL_REVIEW
TXN-0002452,GENUINE_FAILURE,True,884.87,RELEASE_LIMIT,False,MANUAL_REVIEW
TXN-0002453,GENUINE_FAILURE,True,2041.22,RELEASE_LIMIT,False,MANUAL_REVIEW
TXN-0002455,GENUINE_FAILURE,True,4280.8,RELEASE_LIMIT,False,MANUAL_REVIEW
TXN-0002457,INCOMPLETE,False,6542.96,NO_ACTION,False,NO_ACTION
TXN-0002458,GENUINE_FAILURE,True,243.52,RELEASE_LIMIT,False,MANUAL_REVIEW
TXN-0002459,GENUINE_FAILURE,True,283.11,RELEASE_LIMIT,False,MANUAL_REVIEW
TXN-0002460,GENUINE_FAILURE,True,702.24,RELEASE_LIMIT,False,MANUAL_REVIEW
TXN-0002461,GENUINE_FAILURE,True,2928.8,RELEASE_LIMIT,False,MANUAL_REVIEW
TXN-0002464,SUCCESSFUL_BUT_UNCONFIRMED,False,327.83,NO_ACTION,False,NO_ACTION
TXN-0002467,GENUINE_FAILURE,True,959.06,RELEASE_LIMIT,False,MANUAL_REVIEW
TXN-0002471,GENUINE_FAILURE,True,1106.86,RELEASE_LIMIT,False,MANUAL_REVIEW
TXN-0002479,INCOMPLETE,False,789.0,NO_ACTION,False,NO_ACTION
TXN-0002484,GENUINE_FAILURE,True,1477.12,RELEASE_LIMIT,False,MANUAL_REVIEW
TXN-0002507,DOUBLE_DEDUCTION,False,1890.08,NO_ACTION,False,NO_ACTION
TXN-0002510,GENUINE_FAILURE,True,6081.84,RELEASE_LIMIT,False,MANUAL_REVIEW
TXN-0002512,SUCCESSFUL_BUT_UNCONFIRMED,False,7426.55,NO_ACTION,False,NO_ACTION
TXN-0002519,DOUBLE_DEDUCTION,False,14900.68,NO_ACTION,False,NO_ACTION
TXN-0002526,GENUINE_FAILURE,True,1418.69,RELEASE_LIMIT,False,MANUAL_REVIEW
TXN-0002536,GENUINE_FAILURE,True,876.67,RELEASE_LIMIT,True,MANUAL_REVIEW
TXN-0002539,GENUINE_FAILURE,True,1400.98,RELEASE_LIMIT,False,MANUAL_REVIEW
TXN-0002550,GENUINE_FAILURE,True,542.55,RELEASE_LIMIT,False,MANUAL_REVIEW
TXN-0002552,INCOMPLETE,False,1015.58,NO_ACTION,False,NO_ACTION
TXN-0002561,GENUINE_FAILURE,True,1460.85,RELEASE_LIMIT,False,MANUAL_REVIEW
TXN-0002563,GENUINE_FAILURE,True,546.01,RELEASE_LIMIT,False,MANUAL_REVIEW
TXN-0002616,INCOMPLETE,False,14304.98,NO_ACTION,False,NO_ACTION
TXN-0002626,DOUBLE_DEDUCTION,False,12330.84,NO_ACTION,False,NO_ACTION
TXN-0002636,GENUINE_FAILURE,True,12890.79,NO_ACTION,False,NO_ACTION
TXN-0002651,DUPLICATE_TRANSACTION,False,2120.9,RELEASE_LIMIT,False,MANUAL_REVIEW
TXN-0002652,INCOMPLETE,False,33333.54,NO_ACTION,False,NO_ACTION
TXN-0002654,GENUINE_FAILURE,True,33126.7,NO_ACTION,False,NO_ACTION
TXN-0002657,GENUINE_FAILURE,True,2153.61,RELEASE_LIMIT,False,MANUAL_REVIEW
TXN-0002668,GENUINE_FAILURE,True,3149.41,RELEASE_LIMIT,False,MANUAL_REVIEW
TXN-0002672,GENUINE_FAILURE,True,3364.46,RELEASE_LIMIT,False,MANUAL_REVIEW
TXN-0002677,GENUINE_FAILURE,True,12918.41,NO_ACTION,False,NO_ACTION
TXN-0002680,GENUINE_FAILURE,True,599.31,NO_ACTION,False,NO_ACTION
TXN-0002684,GENUINE_FAILURE,True,1077.45,RELEASE_LIMIT,False,MANUAL_REVIEW
TXN-0002689,GENUINE_FAILURE,True,74.94,RELEASE_LIMIT,False,MANUAL_REVIEW
TXN-0002696,GENUINE_FAILURE,True,50.64,RELEASE_LIMIT,False,MANUAL_REVIEW
TXN-0002699,GENUINE_FAILURE,True,21.02,RELEASE_LIMIT,False,MANUAL_REVIEW
TXN-0002702,GENUINE_FAILURE,True,19.5,RELEASE_LIMIT,False,MANUAL_REVIEW
TXN-0002719,GENUINE_FAILURE,True,23.18,NO_ACTION,False,NO_ACTION
TXN-0002726,GENUINE_FAILURE,True,268.77,RELEASE_LIMIT,False,MANUAL_REVIEW
TXN-0002739,GENUINE_FAILURE,True,1997.65,RELEASE_LIMIT,False,MANUAL_REVIEW
TXN-0002766,GENUINE_FAILURE,True,298.24,RELEASE_LIMIT,False,MANUAL_REVIEW
TXN-0002771,GENUINE_FAILURE,True,875.1,NO_ACTION,False,NO_ACTION
TXN-0002780,SUCCESSFUL_BUT_UNCONFIRMED,False,3398.5,NO_ACTION,False,NO_ACTION
TXN-0002783,GENUINE_FAILURE,True,5978.2,RELEASE_LIMIT,False,MANUAL_REVIEW
TXN-0002784,INCOMPLETE,False,530.49,NO_ACTION,False,NO_ACTION
TXN-0002785,GENUINE_FAILURE,True,4014.58,RELEASE_LIMIT,False,MANUAL_REVIEW
TXN-0002786,GENUINE_FAILURE,True,120.51,RELEASE_LIMIT,False,MANUAL_REVIEW
TXN-0002787,GENUINE_FAILURE,True,2336.29,RELEASE_LIMIT,False,MANUAL_REVIEW
TXN-0002792,GENUINE_FAILURE,True,7187.52,RELEASE_LIMIT,False,MANUAL_REVIEW
TXN-0002793,GENUINE_FAILURE,True,3036.31,RELEASE_LIMIT,False,MANUAL_REVIEW
TXN-0002794,GENUINE_FAILURE,True,378.83,RELEASE_LIMIT,False,MANUAL_REVIEW
TXN-0002795,GENUINE_FAILURE,True,2935.79,RELEASE_LIMIT,False,MANUAL_REVIEW
TXN-0002804,INCOMPLETE,False,4695.08,NO_ACTION,False,NO_ACTION
TXN-0002811,GENUINE_FAILURE,True,569.98,RELEASE_LIMIT,False,MANUAL_REVIEW
TXN-0002813,GENUINE_FAILURE,True,1455.45,RELEASE_LIMIT,False,MANUAL_REVIEW
TXN-0002814,GENUINE_FAILURE,True,249.52,RELEASE_LIMIT,False,MANUAL_REVIEW
TXN-0002818,SUCCESSFUL_BUT_UNCONFIRMED,False,4022.03,NO_ACTION,False,NO_ACTION
TXN-0002819,INCOMPLETE,False,743.2,NO_ACTION,False,NO_ACTION
TXN-0002820,GENUINE_FAILURE,False,4227.15,RELEASE_LIMIT,False,MANUAL_REVIEW
TXN-0002822,GENUINE_FAILURE,True,573.19,RELEASE_LIMIT,False,MANUAL_REVIEW
TXN-0002832,GENUINE_FAILURE,True,2633.44,NO_ACTION,False,NO_ACTION
TXN-0002844,INCOMPLETE,False,3951.97,NO_ACTION,False,NO_ACTION
TXN-0002867,GENUINE_FAILURE,True,518.96,RELEASE_LIMIT,False,MANUAL_REVIEW
TXN-0002881,GENUINE_FAILURE,True,4212.21,RELEASE_LIMIT,False,MANUAL_REVIEW
TXN-0002884,GENUINE_FAILURE,True,990.94,NO_ACTION,False,NO_ACTION
TXN-0002903,INCOMPLETE,False,3007.98,NO_ACTION,False,NO_ACTION
TXN-0002904,GENUINE_FAILURE,True,4874.95,NO_ACTION,False,NO_ACTION
TXN-0002907,DOUBLE_DEDUCTION,False,70325.08,NO_ACTION,False,NO_ACTION
TXN-0002924,GENUINE_FAILURE,True,2949.01,NO_ACTION,False,NO_ACTION
TXN-0002925,GENUINE_FAILURE,True,16795.19,NO_ACTION,False,NO_ACTION
TXN-0002944,GENUINE_FAILURE,True,1695.3,RELEASE_LIMIT,False,MANUAL_REVIEW
TXN-0002958,GENUINE_FAILURE,True,2656.01,RELEASE_LIMIT,False,MANUAL_REVIEW
TXN-0002960,GENUINE_FAILURE,True,23737.19,NO_ACTION,False,NO_ACTION
TXN-0002973,INCOMPLETE,False,8662.58,NO_ACTION,False,NO_ACTION
TXN-0002997,INCOMPLETE,False,15.84,NO_ACTION,False,NO_ACTION
TXN-0002998,GENUINE_FAILURE,True,67.66,RELEASE_LIMIT,False,MANUAL_REVIEW
TXN-0003001,GENUINE_FAILURE,True,257.5,RELEASE_LIMIT,False,MANUAL_REVIEW
TXN-0003026,GENUINE_FAILURE,True,4475.46,NO_ACTION,False,NO_ACTION
TXN-0003085,GENUINE_FAILURE,True,1985.91,RELEASE_LIMIT,False,MANUAL_REVIEW
TXN-0003090,GENUINE_FAILURE,True,3141.51,RELEASE_LIMIT,False,MANUAL_REVIEW
TXN-0003100,GENUINE_FAILURE,True,27304.71,RELEASE_LIMIT,False,MANUAL_REVIEW
TXN-0003147,GENUINE_FAILURE,True,10759.13,RELEASE_LIMIT,False,MANUAL_REVIEW
TXN-0003151,GENUINE_FAILURE,True,2431.55,RELEASE_LIMIT,False,MANUAL_REVIEW
TXN-0003176,GENUINE_FAILURE,True,5160.5,NO_ACTION,False,NO_ACTION
TXN-0003180,SUCCESSFUL_BUT_UNCONFIRMED,False,392.65,NO_ACTION,False,NO_ACTION
TXN-0003194,GENUINE_FAILURE,True,9.21,RELEASE_LIMIT,False,MANUAL_REVIEW
TXN-0003214,DUPLICATE_TRANSACTION,False,753.86,RELEASE_LIMIT,False,MANUAL_REVIEW
TXN-0003223,GENUINE_FAILURE,True,906.58,RELEASE_LIMIT,False,MANUAL_REVIEW
TXN-0003241,GENUINE_FAILURE,True,10890.06,NO_ACTION,False,NO_ACTION
TXN-0003254,GENUINE_FAILURE,True,1401.68,RELEASE_LIMIT,True,MANUAL_REVIEW
TXN-0003269,GENUINE_FAILURE,True,874.78,RELEASE_LIMIT,False,MANUAL_REVIEW
TXN-0003270,GENUINE_FAILURE,True,3312.82,NO_ACTION,False,NO_ACTION
TXN-0003271,GENUINE_FAILURE,True,867.76,RELEASE_LIMIT,False,MANUAL_REVIEW
TXN-0003273,GENUINE_FAILURE,True,1491.32,NO_ACTION,False,NO_ACTION
TXN-0003282,GENUINE_FAILURE,True,364.52,RELEASE_LIMIT,False,MANUAL_REVIEW
TXN-0003286,GENUINE_FAILURE,True,59.12,RELEASE_LIMIT,False,MANUAL_REVIEW
TXN-0003288,GENUINE_FAILURE,True,31.6,RELEASE_LIMIT,False,MANUAL_REVIEW
TXN-0003289,INCOMPLETE,False,57.73,NO_ACTION,False,NO_ACTION
TXN-0003310,GENUINE_FAILURE,True,11081.0,RELEASE_LIMIT,False,MANUAL_REVIEW
TXN-0003322,GENUINE_FAILURE,True,474.4,RELEASE_LIMIT,False,MANUAL_REVIEW
TXN-0003356,GENUINE_FAILURE,True,5836.55,RELEASE_LIMIT,False,MANUAL_REVIEW
TXN-0003359,GENUINE_FAILURE,True,3155.8,RELEASE_LIMIT,False,MANUAL_REVIEW
TXN-0003363,GENUINE_FAILURE,True,4731.67,NO_ACTION,False,NO_ACTION
TXN-0003371,GENUINE_FAILURE,True,4837.38,RELEASE_LIMIT,False,MANUAL_REVIEW
TXN-0003378,DOUBLE_DEDUCTION,False,6896.1,NO_ACTION,False,NO_ACTION
TXN-0003380,GENUINE_FAILURE,True,1586.53,RELEASE_LIMIT,False,MANUAL_REVIEW
TXN-0003382,GENUINE_FAILURE,True,16609.01,RELEASE_LIMIT,False,MANUAL_REVIEW
TXN-0003384,GENUINE_FAILURE,True,8400.96,RELEASE_LIMIT,False,MANUAL_REVIEW
TXN-0003396,GENUINE_FAILURE,True,648.57,RELEASE_LIMIT,False,MANUAL_REVIEW
TXN-0003400,INCOMPLETE,False,761.75,NO_ACTION,False,NO_ACTION
TXN-0003404,GENUINE_FAILURE,True,2336.96,RELEASE_LIMIT,False,MANUAL_REVIEW
TXN-0003411,GENUINE_FAILURE,True,265.06,RELEASE_LIMIT,False,MANUAL_REVIEW
TXN-0003419,INCOMPLETE,False,1219.72,NO_ACTION,False,NO_ACTION
TXN-0003420,DUPLICATE_TRANSACTION,False,474.11,RELEASE_LIMIT,False,MANUAL_REVIEW
TXN-0003421,DUPLICATE_TRANSACTION,False,1914.19,RELEASE_LIMIT,False,MANUAL_REVIEW
TXN-0003444,GENUINE_FAILURE,True,1288.46,RELEASE_LIMIT,False,MANUAL_REVIEW
TXN-0003447,GENUINE_FAILURE,True,2954.8,RELEASE_LIMIT,False,MANUAL_REVIEW
TXN-0003451,GENUINE_FAILURE,True,8307.79,RELEASE_LIMIT,False,MANUAL_REVIEW
TXN-0003467,GENUINE_FAILURE,True,10409.57,NO_ACTION,False,NO_ACTION
TXN-0003483,GENUINE_FAILURE,True,781.54,RELEASE_LIMIT,True,MANUAL_REVIEW
TXN-0003492,GENUINE_FAILURE,True,2213.24,NO_ACTION,False,NO_ACTION
TXN-0003495,INCOMPLETE,False,1252.79,NO_ACTION,False,NO_ACTION
TXN-0003500,UNKNOWN,False,655.38,NO_ACTION,False,NO_ACTION
TXN-0003504,DOUBLE_DEDUCTION,False,1313.19,NO_ACTION,False,NO_ACTION
TXN-0003510,DOUBLE_DEDUCTION,False,1194.82,NO_ACTION,False,NO_ACTION
TXN-0003513,GENUINE_FAILURE,True,1936.24,RELEASE_LIMIT,False,MANUAL_REVIEW
TXN-0003521,GENUINE_FAILURE,True,579.5,NO_ACTION,False,NO_ACTION
TXN-0003526,GENUINE_FAILURE,True,366.28,NO_ACTION,False,NO_ACTION
TXN-0003528,GENUINE_FAILURE,True,273.59,RELEASE_LIMIT,False,MANUAL_REVIEW
TXN-0003535,GENUINE_FAILURE,True,223.92,RELEASE_LIMIT,False,MANUAL_REVIEW
TXN-0003538,GENUINE_FAILURE,True,514.78,RELEASE_LIMIT,False,MANUAL_REVIEW
TXN-0003539,GENUINE_FAILURE,True,1361.01,RELEASE_LIMIT,False,MANUAL_REVIEW
TXN-0003542,GENUINE_FAILURE,True,912.94,RELEASE_LIMIT,False,MANUAL_REVIEW
TXN-0003545,GENUINE_FAILURE,True,1511.5,NO_ACTION,False,NO_ACTION
TXN-0003547,DUPLICATE_TRANSACTION,False,6262.83,RELEASE_LIMIT,False,MANUAL_REVIEW
TXN-0003548,GENUINE_FAILURE,True,728.53,RELEASE_LIMIT,False,MANUAL_REVIEW
TXN-0003550,SUCCESSFUL_BUT_UNCONFIRMED,False,6461.7,NO_ACTION,False,NO_ACTION
TXN-0003602,GENUINE_FAILURE,True,1359.86,RELEASE_LIMIT,False,MANUAL_REVIEW
TXN-0003631,GENUINE_FAILURE,True,1026.58,RELEASE_LIMIT,False,MANUAL_REVIEW
TXN-0003638,GENUINE_FAILURE,True,2188.71,RELEASE_LIMIT,False,MANUAL_REVIEW
TXN-0003643,GENUINE_FAILURE,True,1904.57,RELEASE_LIMIT,False,MANUAL_REVIEW
TXN-0003646,GENUINE_FAILURE,True,4164.1,RELEASE_LIMIT,False,MANUAL_REVIEW
TXN-0003659,GENUINE_FAILURE,True,28.49,RELEASE_LIMIT,False,MANUAL_REVIEW
TXN-0003661,DOUBLE_DEDUCTION,False,11.6,NO_ACTION,False,NO_ACTION
TXN-0003683,INCOMPLETE,False,1.73,NO_ACTION,False,NO_ACTION
TXN-0003702,GENUINE_FAILURE,True,2713.43,RELEASE_LIMIT,False,MANUAL_REVIEW
TXN-0003714,GENUINE_FAILURE,True,1176.52,RELEASE_LIMIT,False,MANUAL_REVIEW
TXN-0003729,GENUINE_FAILURE,True,2383.51,RELEASE_LIMIT,False,MANUAL_REVIEW
TXN-0003738,FALSE_COMPLAINT,False,211.89,NO_ACTION,False,NO_ACTION
TXN-0003744,GENUINE_FAILURE,True,1638.5,NO_ACTION,False,NO_ACTION
TXN-0003748,GENUINE_FAILURE,True,425.45,RELEASE_LIMIT,False,MANUAL_REVIEW
TXN-0003758,GENUINE_FAILURE,True,315.65,RELEASE_LIMIT,False,MANUAL_REVIEW
TXN-0003781,GENUINE_FAILURE,True,2730.96,RELEASE_LIMIT,False,MANUAL_REVIEW
TXN-0003791,GENUINE_FAILURE,True,412.92,RELEASE_LIMIT,False,MANUAL_REVIEW
TXN-0003803,GENUINE_FAILURE,True,3196.75,RELEASE_LIMIT,False,MANUAL_REVIEW
TXN-0003805,GENUINE_FAILURE,True,534.31,RELEASE_LIMIT,False,MANUAL_REVIEW
TXN-0003810,GENUINE_FAILURE,True,227.17,RELEASE_LIMIT,False,MANUAL_REVIEW
TXN-0003825,INCOMPLETE,False,14456.69,NO_ACTION,False,NO_ACTION
TXN-0003851,INCOMPLETE,False,39.09,NO_ACTION,False,NO_ACTION
TXN-0003861,GENUINE_FAILURE,True,659.84,RELEASE_LIMIT,False,MANUAL_REVIEW
TXN-0003864,GENUINE_FAILURE,True,675.82,RELEASE_LIMIT,False,MANUAL_REVIEW
TXN-0003865,GENUINE_FAILURE,True,241.47,RELEASE_LIMIT,False,MANUAL_REVIEW
TXN-0003866,GENUINE_FAILURE,True,487.73,RELEASE_LIMIT,False,MANUAL_REVIEW
TXN-0003868,INCOMPLETE,False,845.61,NO_ACTION,False,NO_ACTION
TXN-0003877,GENUINE_FAILURE,True,1569.33,RELEASE_LIMIT,False,MANUAL_REVIEW
TXN-0003878,GENUINE_FAILURE,True,14818.05,RELEASE_LIMIT,False,MANUAL_REVIEW
TXN-0003881,GENUINE_FAILURE,True,3870.75,RELEASE_LIMIT,False,MANUAL_REVIEW
TXN-0003882,GENUINE_FAILURE,True,2950.4,RELEASE_LIMIT,False,MANUAL_REVIEW
TXN-0003883,GENUINE_FAILURE,True,507.64,RELEASE_LIMIT,False,MANUAL_REVIEW
TXN-0003897,GENUINE_FAILURE,True,2311.48,RELEASE_LIMIT,False,MANUAL_REVIEW
TXN-0003954,GENUINE_FAILURE,True,2289.34,RELEASE_LIMIT,False,MANUAL_REVIEW
TXN-0003961,INCOMPLETE,False,13502.22,NO_ACTION,False,NO_ACTION
TXN-0003964,DUPLICATE_TRANSACTION,False,893.58,RELEASE_LIMIT,False,MANUAL_REVIEW
TXN-0003965,GENUINE_FAILURE,True,2225.52,RELEASE_LIMIT,False,MANUAL_REVIEW
TXN-0003967,GENUINE_FAILURE,True,3924.92,RELEASE_LIMIT,False,MANUAL_REVIEW
TXN-0003988,GENUINE_FAILURE,True,5957.88,RELEASE_LIMIT,False,MANUAL_REVIEW
TXN-0003989,INCOMPLETE,False,8127.68,NO_ACTION,False,NO_ACTION
TXN-0003998,GENUINE_FAILURE,True,361.07,NO_ACTION,False,NO_ACTION
TXN-0004004,GENUINE_FAILURE,True,2720.42,RELEASE_LIMIT,False,MANUAL_REVIEW
TXN-0004006,SUCCESSFUL_BUT_UNCONFIRMED,False,1108.86,NO_ACTION,False,NO_ACTION
TXN-0004009,GENUINE_FAILURE,True,2522.35,RELEASE_LIMIT,False,MANUAL_REVIEW
TXN-0004011,GENUINE_FAILURE,True,3838.38,RELEASE_LIMIT,False,MANUAL_REVIEW
TXN-0004013,GENUINE_FAILURE,True,1581.09,RELEASE_LIMIT,False,MANUAL_REVIEW
TXN-0004016,INCOMPLETE,False,1432.93,NO_ACTION,False,NO_ACTION
TXN-0004024,FALSE_COMPLAINT,False,2624.41,NO_ACTION,False,NO_ACTION
TXN-0004044,GENUINE_FAILURE,True,19550.18,RELEASE_LIMIT,False,MANUAL_REVIEW
TXN-0004046,GENUINE_FAILURE,True,461.57,NO_ACTION,False,NO_ACTION
TXN-0004066,GENUINE_FAILURE,True,1166.98,RELEASE_LIMIT,False,MANUAL_REVIEW
TXN-0004095,GENUINE_FAILURE,True,7314.89,RELEASE_LIMIT,False,MANUAL_REVIEW
TXN-0004099,GENUINE_FAILURE,True,3267.94,RELEASE_LIMIT,False,MANUAL_REVIEW
TXN-0004124,GENUINE_FAILURE,True,4133.34,RELEASE_LIMIT,False,MANUAL_REVIEW
TXN-0004132,GENUINE_FAILURE,True,2183.63,RELEASE_LIMIT,False,MANUAL_REVIEW
TXN-0004139,GENUINE_FAILURE,True,5730.01,RELEASE_LIMIT,False,MANUAL_REVIEW
TXN-0004143,GENUINE_FAILURE,True,4739.12,RELEASE_LIMIT,False,MANUAL_REVIEW
TXN-0004148,GENUINE_FAILURE,True,935.86,RELEASE_LIMIT,True,MANUAL_REVIEW
TXN-0004153,DUPLICATE_TRANSACTION,False,1022.57,RELEASE_LIMIT,False,MANUAL_REVIEW
TXN-0004159,GENUINE_FAILURE,True,539.88,RELEASE_LIMIT,False,MANUAL_REVIEW
TXN-0004173,GENUINE_FAILURE,True,852.07,RELEASE_LIMIT,False,MANUAL_REVIEW
TXN-0004174,GENUINE_FAILURE,True,3469.49,RELEASE_LIMIT,False,MANUAL_REVIEW
TXN-0004181,INCOMPLETE,False,899.32,NO_ACTION,False,NO_ACTION
TXN-0004218,DOUBLE_DEDUCTION,False,8616.0,NO_ACTION,False,NO_ACTION
TXN-0004230,GENUINE_FAILURE,True,248.05,RELEASE_LIMIT,False,MANUAL_REVIEW
TXN-0004234,INCOMPLETE,False,217.27,NO_ACTION,False,NO_ACTION
TXN-0004238,INCOMPLETE,False,4510.44,NO_ACTION,False,NO_ACTION
TXN-0004249,GENUINE_FAILURE,True,20.46,RELEASE_LIMIT,False,MANUAL_REVIEW
TXN-0004250,GENUINE_FAILURE,True,51.32,RELEASE_LIMIT,False,MANUAL_REVIEW
TXN-0004251,SUCCESSFUL_BUT_UNCONFIRMED,False,97.44,NO_ACTION,False,NO_ACTION
TXN-0004253,GENUINE_FAILURE,True,61.31,RELEASE_LIMIT,False,MANUAL_REVIEW
TXN-0004256,GENUINE_FAILURE,True,54.26,RELEASE_LIMIT,False,MANUAL_REVIEW
TXN-0004261,GENUINE_FAILURE,True,42.04,RELEASE_LIMIT,False,MANUAL_REVIEW
TXN-0004263,GENUINE_FAILURE,True,9.81,RELEASE_LIMIT,False,MANUAL_REVIEW
TXN-0004264,GENUINE_FAILURE,True,15.49,RELEASE_LIMIT,False,MANUAL_REVIEW
TXN-0004265,GENUINE_FAILURE,True,65.4,RELEASE_LIMIT,False,MANUAL_REVIEW
TXN-0004266,DOUBLE_DEDUCTION,False,37.17,NO_ACTION,False,NO_ACTION
TXN-0004271,GENUINE_FAILURE,True,1640.23,RELEASE_LIMIT,False,MANUAL_REVIEW
TXN-0004272,GENUINE_FAILURE,True,1352.37,RELEASE_LIMIT,False,MANUAL_REVIEW
TXN-0004274,SUCCESSFUL_BUT_UNCONFIRMED,False,148.4,NO_ACTION,False,NO_ACTION
TXN-0004276,GENUINE_FAILURE,True,588.96,RELEASE_LIMIT,False,MANUAL_REVIEW
TXN-0004277,GENUINE_FAILURE,True,239.77,RELEASE_LIMIT,False,MANUAL_REVIEW
TXN-0004278,INCOMPLETE,False,1336.5,NO_ACTION,False,NO_ACTION
TXN-0004279,DUPLICATE_TRANSACTION,False,1090.65,RELEASE_LIMIT,False,MANUAL_REVIEW
TXN-0004281,GENUINE_FAILURE,True,1153.81,RELEASE_LIMIT,True,MANUAL_REVIEW
TXN-0004282,GENUINE_FAILURE,True,5835.91,RELEASE_LIMIT,False,MANUAL_REVIEW
TXN-0004283,GENUINE_FAILURE,True,1177.49,RELEASE_LIMIT,False,MANUAL_REVIEW
TXN-0004284,GENUINE_FAILURE,True,333.11,RELEASE_LIMIT,True,MANUAL_REVIEW
TXN-0004285,GENUINE_FAILURE,True,527.24,RELEASE_LIMIT,False,MANUAL_REVIEW
TXN-0004287,GENUINE_FAILURE,True,11846.85,RELEASE_LIMIT,False,MANUAL_REVIEW
TXN-0004290,GENUINE_FAILURE,True,556.24,RELEASE_LIMIT,False,MANUAL_REVIEW
TXN-0004299,DOUBLE_DEDUCTION,False,1132.24,NO_ACTION,False,NO_ACTION
TXN-0004312,DUPLICATE_TRANSACTION,False,735.14,RELEASE_LIMIT,False,MANUAL_REVIEW
TXN-0004321,GENUINE_FAILURE,True,1031.11,RELEASE_LIMIT,False,MANUAL_REVIEW
TXN-0004333,SUSPICIOUS,False,32.72,NO_ACTION,False,NO_ACTION
TXN-0004334,GENUINE_FAILURE,True,11.1,RELEASE_LIMIT,False,MANUAL_REVIEW
TXN-0004335,INCOMPLETE,False,2.04,NO_ACTION,False,NO_ACTION
TXN-0004336,GENUINE_FAILURE,True,35.1,RELEASE_LIMIT,False,MANUAL_REVIEW
TXN-0004341,GENUINE_FAILURE,True,1.44,RELEASE_LIMIT,True,MANUAL_REVIEW
TXN-0004360,GENUINE_FAILURE,True,1110.42,RELEASE_LIMIT,False,MANUAL_REVIEW
TXN-0004361,GENUINE_FAILURE,True,749.53,RELEASE_LIMIT,False,MANUAL_REVIEW
TXN-0004403,GENUINE_FAILURE,True,8449.89,RELEASE_LIMIT,False,MANUAL_REVIEW
TXN-0004407,GENUINE_FAILURE,True,2466.94,RELEASE_LIMIT,False,MANUAL_REVIEW
TXN-0004429,GENUINE_FAILURE,True,130.88,RELEASE_LIMIT,False,MANUAL_REVIEW
TXN-0004432,GENUINE_FAILURE,True,291.51,RELEASE_LIMIT,False,MANUAL_REVIEW
TXN-0004455,GENUINE_FAILURE,True,9295.52,RELEASE_LIMIT,False,MANUAL_REVIEW
TXN-0004467,GENUINE_FAILURE,True,30167.98,RELEASE_LIMIT,False,MANUAL_REVIEW
TXN-0004468,GENUINE_FAILURE,True,1695.15,RELEASE_LIMIT,False,MANUAL_REVIEW
TXN-0004474,GENUINE_FAILURE,True,2127.71,RELEASE_LIMIT,False,MANUAL_REVIEW
TXN-0004478,GENUINE_FAILURE,True,871.44,RELEASE_LIMIT,True,MANUAL_REVIEW
TXN-0004484,GENUINE_FAILURE,True,593.63,RELEASE_LIMIT,False,MANUAL_REVIEW
TXN-0004485,GENUINE_FAILURE,True,2780.62,NO_ACTION,False,NO_ACTION
TXN-0004533,GENUINE_FAILURE,True,517.66,RELEASE_LIMIT,False,MANUAL_REVIEW
TXN-0004537,SUCCESSFUL_BUT_UNCONFIRMED,False,715.15,NO_ACTION,False,NO_ACTION
TXN-0004541,GENUINE_FAILURE,True,1700.08,RELEASE_LIMIT,False,MANUAL_REVIEW
TXN-0004550,GENUINE_FAILURE,True,5428.71,RELEASE_LIMIT,False,MANUAL_REVIEW
TXN-0004551,GENUINE_FAILURE,True,3064.93,RELEASE_LIMIT,False,MANUAL_REVIEW
TXN-0004558,GENUINE_FAILURE,True,749.67,RELEASE_LIMIT,False,MANUAL_REVIEW
TXN-0004562,GENUINE_FAILURE,True,1612.53,RELEASE_LIMIT,False,MANUAL_REVIEW
TXN-0004566,GENUINE_FAILURE,False,28355.77,RELEASE_LIMIT,False,MANUAL_REVIEW
TXN-0004568,DOUBLE_DEDUCTION,False,790.04,NO_ACTION,False,NO_ACTION
TXN-0004570,INCOMPLETE,False,590.62,NO_ACTION,False,NO_ACTION
TXN-0004585,GENUINE_FAILURE,True,700.91,RELEASE_LIMIT,False,MANUAL_REVIEW
TXN-0004587,GENUINE_FAILURE,True,1304.53,RELEASE_LIMIT,False,MANUAL_REVIEW
TXN-0004595,GENUINE_FAILURE,True,2690.49,RELEASE_LIMIT,False,MANUAL_REVIEW
TXN-0004600,GENUINE_FAILURE,True,41080.04,RELEASE_LIMIT,False,MANUAL_REVIEW
TXN-0004615,GENUINE_FAILURE,True,124.34,RELEASE_LIMIT,False,MANUAL_REVIEW
TXN-0004618,GENUINE_FAILURE,True,61.75,RELEASE_LIMIT,False,MANUAL_REVIEW
TXN-0004623,INCOMPLETE,False,600.16,NO_ACTION,False,NO_ACTION
TXN-0004637,GENUINE_FAILURE,True,541.55,RELEASE_LIMIT,False,MANUAL_REVIEW
TXN-0004644,GENUINE_FAILURE,True,108.86,RELEASE_LIMIT,False,MANUAL_REVIEW
TXN-0004645,GENUINE_FAILURE,True,2650.54,RELEASE_LIMIT,False,MANUAL_REVIEW
TXN-0004651,DOUBLE_DEDUCTION,False,3284.04,NO_ACTION,False,NO_ACTION
TXN-0004663,GENUINE_FAILURE,True,4812.0,RELEASE_LIMIT,False,MANUAL_REVIEW
TXN-0004665,GENUINE_FAILURE,True,727.92,RELEASE_LIMIT,False,MANUAL_REVIEW
TXN-0004674,GENUINE_FAILURE,True,1289.07,RELEASE_LIMIT,False,MANUAL_REVIEW
TXN-0004679,GENUINE_FAILURE,True,757.55,RELEASE_LIMIT,False,MANUAL_REVIEW
TXN-0004687,GENUINE_FAILURE,True,870.62,RELEASE_LIMIT,False,MANUAL_REVIEW
TXN-0004694,GENUINE_FAILURE,True,42.27,RELEASE_LIMIT,False,MANUAL_REVIEW
TXN-0004700,GENUINE_FAILURE,True,4924.83,RELEASE_LIMIT,False,MANUAL_REVIEW
TXN-0004710,GENUINE_FAILURE,True,2107.47,RELEASE_LIMIT,False,MANUAL_REVIEW
TXN-0004754,GENUINE_FAILURE,True,17006.76,NO_ACTION,False,NO_ACTION
TXN-0004758,GENUINE_FAILURE,True,4950.17,RELEASE_LIMIT,False,MANUAL_REVIEW
TXN-0004760,GENUINE_FAILURE,True,271.53,NO_ACTION,False,NO_ACTION
TXN-0004771,GENUINE_FAILURE,True,3481.44,NO_ACTION,False,NO_ACTION
TXN-0004787,DOUBLE_DEDUCTION,False,1025.35,NO_ACTION,False,NO_ACTION
TXN-0004794,GENUINE_FAILURE,True,498.46,RELEASE_LIMIT,False,MANUAL_REVIEW
TXN-0004801,INCOMPLETE,False,1254.97,NO_ACTION,False,NO_ACTION
TXN-0004835,GENUINE_FAILURE,True,572.96,NO_ACTION,False,NO_ACTION
TXN-0004841,GENUINE_FAILURE,True,2943.3,RELEASE_LIMIT,False,MANUAL_REVIEW
TXN-0004851,INCOMPLETE,False,14.31,NO_ACTION,False,NO_ACTION
TXN-0004855,GENUINE_FAILURE,True,2495.13,RELEASE_LIMIT,False,MANUAL_REVIEW
TXN-0004880,GENUINE_FAILURE,True,3119.21,RELEASE_LIMIT,False,MANUAL_REVIEW
TXN-0004889,GENUINE_FAILURE,True,7.6,NO_ACTION,False,NO_ACTION
TXN-0004900,GENUINE_FAILURE,True,240.17,NO_ACTION,False,NO_ACTION
TXN-0004913,GENUINE_FAILURE,True,2958.02,RELEASE_LIMIT,False,MANUAL_REVIEW
TXN-0004920,GENUINE_FAILURE,True,651.45,NO_ACTION,False,NO_ACTION
TXN-0004935,GENUINE_FAILURE,True,83.45,NO_ACTION,False,NO_ACTION
TXN-0004946,GENUINE_FAILURE,True,4277.04,RELEASE_LIMIT,False,MANUAL_REVIEW
TXN-0004947,GENUINE_FAILURE,True,301.17,RELEASE_LIMIT,True,MANUAL_REVIEW
TXN-0004948,GENUINE_FAILURE,True,1248.19,NO_ACTION,False,NO_ACTION
TXN-0004949,GENUINE_FAILURE,True,7796.25,RELEASE_LIMIT,False,MANUAL_REVIEW
TXN-0004950,GENUINE_FAILURE,True,697.25,RELEASE_LIMIT,False,MANUAL_REVIEW
TXN-0004951,GENUINE_FAILURE,True,1379.43,RELEASE_LIMIT,False,MANUAL_REVIEW
TXN-0004953,GENUINE_FAILURE,True,295.88,RELEASE_LIMIT,False,MANUAL_REVIEW
TXN-0004954,GENUINE_FAILURE,True,2692.38,RELEASE_LIMIT,False,MANUAL_REVIEW
TXN-0004955,GENUINE_FAILURE,True,840.65,RELEASE_LIMIT,False,MANUAL_REVIEW
TXN-0004957,GENUINE_FAILURE,True,2615.45,RELEASE_LIMIT,False,MANUAL_REVIEW
TXN-0004977,GENUINE_FAILURE,False,29910.94,RELEASE_LIMIT,False,MANUAL_REVIEW
TXN-0004986,DOUBLE_DEDUCTION,False,4237.33,NO_ACTION,False,NO_ACTION
TXN-0004998,GENUINE_FAILURE,True,2551.71,RELEASE_LIMIT,False,MANUAL_REVIEW
TXN-0005003,GENUINE_FAILURE,True,3562.25,RELEASE_LIMIT,False,MANUAL_REVIEW
TXN-0005004,INCOMPLETE,False,9296.59,NO_ACTION,False,NO_ACTION
TXN-0005009,GENUINE_FAILURE,True,2698.37,RELEASE_LIMIT,False,MANUAL_REVIEW
TXN-0005018,SUCCESSFUL_BUT_UNCONFIRMED,False,20.28,NO_ACTION,False,NO_ACTION
TXN-0005032,GENUINE_FAILURE,False,6977.87,RELEASE_LIMIT,False,MANUAL_REVIEW
TXN-0005058,GENUINE_FAILURE,False,3758.18,RELEASE_LIMIT,False,MANUAL_REVIEW
TXN-0005066,INCOMPLETE,False,1226.75,NO_ACTION,False,NO_ACTION
TXN-0005069,INCOMPLETE,False,588.06,NO_ACTION,False,NO_ACTION
TXN-0005076,DOUBLE_DEDUCTION,False,1576.62,NO_ACTION,False,NO_ACTION
TXN-0005091,GENUINE_FAILURE,True,361.83,NO_ACTION,False,NO_ACTION
TXN-0005102,INCOMPLETE,False,1289.34,NO_ACTION,False,NO_ACTION
TXN-0005104,GENUINE_FAILURE,True,2614.6,RELEASE_LIMIT,False,MANUAL_REVIEW
TXN-0005129,GENUINE_FAILURE,True,63.08,RELEASE_LIMIT,False,MANUAL_REVIEW
TXN-0005146,GENUINE_FAILURE,True,445.35,RELEASE_LIMIT,False,MANUAL_REVIEW
TXN-0005156,INCOMPLETE,False,1462.53,NO_ACTION,False,NO_ACTION
TXN-0005157,GENUINE_FAILURE,True,1515.41,RELEASE_LIMIT,False,MANUAL_REVIEW
TXN-0005170,GENUINE_FAILURE,True,1292.68,RELEASE_LIMIT,True,MANUAL_REVIEW
TXN-0005180,GENUINE_FAILURE,True,252.77,RELEASE_LIMIT,False,MANUAL_REVIEW
TXN-0005204,GENUINE_FAILURE,True,3168.0,RELEASE_LIMIT,False,MANUAL_REVIEW
TXN-0005217,GENUINE_FAILURE,True,1542.61,RELEASE_LIMIT,False,MANUAL_REVIEW
TXN-0005223,GENUINE_FAILURE,True,217.58,RELEASE_LIMIT,True,MANUAL_REVIEW
TXN-0005226,GENUINE_FAILURE,True,665.7,RELEASE_LIMIT,False,MANUAL_REVIEW
TXN-0005242,GENUINE_FAILURE,True,1383.75,NO_ACTION,False,NO_ACTION
TXN-0005271,GENUINE_FAILURE,True,3230.06,NO_ACTION,False,NO_ACTION
TXN-0005298,GENUINE_FAILURE,True,1774.73,RELEASE_LIMIT,False,MANUAL_REVIEW
TXN-0005299,GENUINE_FAILURE,True,5825.04,RELEASE_LIMIT,False,MANUAL_REVIEW
TXN-0005303,GENUINE_FAILURE,True,219.36,RELEASE_LIMIT,False,MANUAL_REVIEW
TXN-0005304,GENUINE_FAILURE,True,760.65,RELEASE_LIMIT,False,MANUAL_REVIEW
TXN-0005307,GENUINE_FAILURE,True,298.76,RELEASE_LIMIT,False,MANUAL_REVIEW
TXN-0005308,GENUINE_FAILURE,True,570.95,RELEASE_LIMIT,False,MANUAL_REVIEW
TXN-0005318,GENUINE_FAILURE,True,2651.19,RELEASE_LIMIT,False,MANUAL_REVIEW
TXN-0005331,GENUINE_FAILURE,True,304.65,NO_ACTION,False,NO_ACTION
TXN-0005346,INCOMPLETE,False,1377.86,NO_ACTION,False,NO_ACTION
TXN-0005375,GENUINE_FAILURE,True,4.51,RELEASE_LIMIT,True,MANUAL_REVIEW
TXN-0005376,GENUINE_FAILURE,True,16.76,RELEASE_LIMIT,False,MANUAL_REVIEW
TXN-0005378,GENUINE_FAILURE,True,10.07,RELEASE_LIMIT,False,MANUAL_REVIEW
TXN-0005401,INCOMPLETE,False,2206.48,NO_ACTION,False,NO_ACTION
TXN-0005435,GENUINE_FAILURE,True,45.93,RELEASE_LIMIT,False,MANUAL_REVIEW
TXN-0005464,GENUINE_FAILURE,True,1153.39,RELEASE_LIMIT,False,MANUAL_REVIEW
TXN-0005478,GENUINE_FAILURE,True,4793.08,RELEASE_LIMIT,False,MANUAL_REVIEW
TXN-0005488,GENUINE_FAILURE,True,528.27,RELEASE_LIMIT,False,MANUAL_REVIEW
TXN-0005496,GENUINE_FAILURE,True,1537.33,RELEASE_LIMIT,False,MANUAL_REVIEW
TXN-0005497,GENUINE_FAILURE,True,2688.02,RELEASE_LIMIT,False,MANUAL_REVIEW
TXN-0005503,GENUINE_FAILURE,True,872.33,RELEASE_LIMIT,False,MANUAL_REVIEW
TXN-0005504,GENUINE_FAILURE,True,2364.39,NO_ACTION,False,NO_ACTION
TXN-0005505,GENUINE_FAILURE,True,4620.72,RELEASE_LIMIT,False,MANUAL_REVIEW
TXN-0005506,GENUINE_FAILURE,True,1255.48,RELEASE_LIMIT,False,MANUAL_REVIEW
TXN-0005507,INCOMPLETE,False,1620.27,NO_ACTION,False,NO_ACTION
TXN-0005511,SUCCESSFUL_BUT_UNCONFIRMED,False,692.41,NO_ACTION,False,NO_ACTION
TXN-0005512,GENUINE_FAILURE,True,1081.53,RELEASE_LIMIT,False,MANUAL_REVIEW
TXN-0005518,DOUBLE_DEDUCTION,False,2232.01,NO_ACTION,False,NO_ACTION
TXN-0005519,GENUINE_FAILURE,True,419.63,RELEASE_LIMIT,False,MANUAL_REVIEW
TXN-0005521,SUCCESSFUL_BUT_UNCONFIRMED,False,937.77,NO_ACTION,False,NO_ACTION
TXN-0005523,GENUINE_FAILURE,True,10664.68,RELEASE_LIMIT,False,MANUAL_REVIEW
TXN-0005528,INCOMPLETE,False,6352.09,NO_ACTION,False,NO_ACTION
TXN-0005537,GENUINE_FAILURE,True,1189.46,RELEASE_LIMIT,False,MANUAL_REVIEW
TXN-0005544,GENUINE_FAILURE,True,3353.35,RELEASE_LIMIT,False,MANUAL_REVIEW
TXN-0005546,GENUINE_FAILURE,True,3181.77,RELEASE_LIMIT,False,MANUAL_REVIEW
TXN-0005550,GENUINE_FAILURE,True,10242.82,RELEASE_LIMIT,False,MANUAL_REVIEW
TXN-0005553,GENUINE_FAILURE,True,1830.87,RELEASE_LIMIT,False,MANUAL_REVIEW
TXN-0005581,GENUINE_FAILURE,True,8684.08,RELEASE_LIMIT,False,MANUAL_REVIEW
TXN-0005608,GENUINE_FAILURE,True,11057.17,NO_ACTION,False,NO_ACTION
TXN-0005661,GENUINE_FAILURE,True,1286.53,NO_ACTION,False,NO_ACTION
TXN-0005662,GENUINE_FAILURE,True,4395.78,RELEASE_LIMIT,False,MANUAL_REVIEW
TXN-0005677,GENUINE_FAILURE,True,784.22,RELEASE_LIMIT,False,MANUAL_REVIEW
TXN-0005681,GENUINE_FAILURE,True,2510.64,NO_ACTION,False,NO_ACTION
TXN-0005692,GENUINE_FAILURE,True,3164.64,RELEASE_LIMIT,False,MANUAL_REVIEW
TXN-0005729,INCOMPLETE,False,8309.82,NO_ACTION,False,NO_ACTION
TXN-0005733,INCOMPLETE,False,810.35,NO_ACTION,False,NO_ACTION
TXN-0005757,GENUINE_FAILURE,True,461.21,RELEASE_LIMIT,False,MANUAL_REVIEW
TXN-0005760,GENUINE_FAILURE,True,2326.54,RELEASE_LIMIT,False,MANUAL_REVIEW
TXN-0005762,GENUINE_FAILURE,True,3353.85,RELEASE_LIMIT,False,MANUAL_REVIEW
TXN-0005774,GENUINE_FAILURE,True,3308.56,RELEASE_LIMIT,False,MANUAL_REVIEW
TXN-0005775,GENUINE_FAILURE,True,13624.94,RELEASE_LIMIT,False,MANUAL_REVIEW
TXN-0005777,GENUINE_FAILURE,True,557.87,RELEASE_LIMIT,False,MANUAL_REVIEW
TXN-0005778,DOUBLE_DEDUCTION,False,1395.18,NO_ACTION,False,NO_ACTION
TXN-0005779,FALSE_COMPLAINT,False,424.75,NO_ACTION,False,NO_ACTION
TXN-0005787,GENUINE_FAILURE,True,539.4,RELEASE_LIMIT,True,MANUAL_REVIEW
TXN-0005789,INCOMPLETE,False,1594.78,NO_ACTION,False,NO_ACTION
TXN-0005790,GENUINE_FAILURE,True,1439.26,RELEASE_LIMIT,False,MANUAL_REVIEW
TXN-0005791,FALSE_COMPLAINT,False,384.98,NO_ACTION,False,NO_ACTION
TXN-0005792,GENUINE_FAILURE,True,2068.46,RELEASE_LIMIT,False,MANUAL_REVIEW
TXN-0005802,GENUINE_FAILURE,True,8123.82,RELEASE_LIMIT,False,MANUAL_REVIEW
TXN-0005808,GENUINE_FAILURE,True,2296.27,RELEASE_LIMIT,False,MANUAL_REVIEW
TXN-0005816,GENUINE_FAILURE,True,30536.27,RELEASE_LIMIT,False,MANUAL_REVIEW
TXN-0005836,INCOMPLETE,False,178134.76,NO_ACTION,False,NO_ACTION
TXN-0005862,SUCCESSFUL_BUT_UNCONFIRMED,False,80.78,NO_ACTION,False,NO_ACTION
TXN-0005864,GENUINE_FAILURE,True,223.33,RELEASE_LIMIT,False,MANUAL_REVIEW
TXN-0005874,GENUINE_FAILURE,True,924.15,NO_ACTION,False,NO_ACTION
TXN-0005875,GENUINE_FAILURE,True,917.86,RELEASE_LIMIT,False,MANUAL_REVIEW
TXN-0005877,GENUINE_FAILURE,True,654.05,RELEASE_LIMIT,False,MANUAL_REVIEW
TXN-0005880,GENUINE_FAILURE,False,39549.25,RELEASE_LIMIT,False,MANUAL_REVIEW
TXN-0005884,GENUINE_FAILURE,True,540.07,RELEASE_LIMIT,False,MANUAL_REVIEW
TXN-0005898,INCOMPLETE,False,5.79,NO_ACTION,False,NO_ACTION
TXN-0005899,INCOMPLETE,False,11.35,NO_ACTION,False,NO_ACTION
TXN-0005902,SUCCESSFUL_BUT_UNCONFIRMED,False,2380.33,NO_ACTION,False,NO_ACTION
TXN-0005912,DOUBLE_DEDUCTION,False,31061.37,NO_ACTION,False,NO_ACTION
TXN-0005935,GENUINE_FAILURE,True,755.05,NO_ACTION,False,NO_ACTION
TXN-0005954,GENUINE_FAILURE,True,8628.43,NO_ACTION,False,NO_ACTION
TXN-0005958,GENUINE_FAILURE,True,16636.13,RELEASE_LIMIT,False,MANUAL_REVIEW
TXN-0005960,GENUINE_FAILURE,True,7594.33,NO_ACTION,False,NO_ACTION
TXN-0005982,GENUINE_FAILURE,True,9523.95,RELEASE_LIMIT,False,MANUAL_REVIEW
TXN-0005989,GENUINE_FAILURE,True,5215.63,RELEASE_LIMIT,False,MANUAL_REVIEW
TXN-0005996,GENUINE_FAILURE,True,1295.65,RELEASE_LIMIT,False,MANUAL_REVIEW
TXN-0006038,GENUINE_FAILURE,True,276.43,NO_ACTION,False,NO_ACTION
TXN-0006044,GENUINE_FAILURE,True,6.07,NO_ACTION,False,NO_ACTION
TXN-0006047,SUCCESSFUL_BUT_UNCONFIRMED,False,71.01,NO_ACTION,False,NO_ACTION
TXN-0006075,INCOMPLETE,False,6372.55,NO_ACTION,False,NO_ACTION
TXN-0006077,GENUINE_FAILURE,True,4423.53,RELEASE_LIMIT,False,MANUAL_REVIEW
TXN-0006093,GENUINE_FAILURE,True,11523.32,NO_ACTION,False,NO_ACTION
TXN-0006116,GENUINE_FAILURE,True,1584.42,RELEASE_LIMIT,False,MANUAL_REVIEW
TXN-0006121,GENUINE_FAILURE,True,5522.93,RELEASE_LIMIT,False,MANUAL_REVIEW
TXN-0006128,GENUINE_FAILURE,True,7.34,RELEASE_LIMIT,False,MANUAL_REVIEW
TXN-0006135,GENUINE_FAILURE,True,1356.21,RELEASE_LIMIT,False,MANUAL_REVIEW
TXN-0006157,GENUINE_FAILURE,True,203.3,RELEASE_LIMIT,False,MANUAL_REVIEW
TXN-0006167,GENUINE_FAILURE,True,663.63,RELEASE_LIMIT,False,MANUAL_REVIEW
TXN-0006168,SUCCESSFUL_BUT_UNCONFIRMED,False,946.34,NO_ACTION,False,NO_ACTION
TXN-0006173,GENUINE_FAILURE,True,402.39,NO_ACTION,False,NO_ACTION
TXN-0006193,GENUINE_FAILURE,True,457.3,NO_ACTION,False,NO_ACTION
TXN-0006208,GENUINE_FAILURE,True,3051.69,RELEASE_LIMIT,False,MANUAL_REVIEW
TXN-0006225,INCOMPLETE,False,6121.5,NO_ACTION,False,NO_ACTION
TXN-0006261,GENUINE_FAILURE,True,950.18,RELEASE_LIMIT,False,MANUAL_REVIEW
TXN-0006273,GENUINE_FAILURE,True,541.32,RELEASE_LIMIT,False,MANUAL_REVIEW
TXN-0006279,GENUINE_FAILURE,True,1705.74,RELEASE_LIMIT,False,MANUAL_REVIEW
TXN-0006294,INCOMPLETE,False,20.59,NO_ACTION,False,NO_ACTION
TXN-0006297,GENUINE_FAILURE,True,19.43,RELEASE_LIMIT,False,MANUAL_REVIEW
TXN-0006304,SUCCESSFUL_BUT_UNCONFIRMED,False,493.85,NO_ACTION,False,NO_ACTION
TXN-0006306,DUPLICATE_TRANSACTION,False,1192.35,RELEASE_LIMIT,False,MANUAL_REVIEW
TXN-0006307,SUCCESSFUL_BUT_UNCONFIRMED,False,953.49,NO_ACTION,False,NO_ACTION
TXN-0006309,GENUINE_FAILURE,True,7852.56,RELEASE_LIMIT,False,MANUAL_REVIEW
TXN-0006310,GENUINE_FAILURE,True,1839.79,RELEASE_LIMIT,False,MANUAL_REVIEW
TXN-0006311,INCOMPLETE,False,3075.88,NO_ACTION,False,NO_ACTION
TXN-0006312,GENUINE_FAILURE,True,2807.5,RELEASE_LIMIT,False,MANUAL_REVIEW
TXN-0006314,GENUINE_FAILURE,True,3095.35,RELEASE_LIMIT,False,MANUAL_REVIEW
TXN-0006318,GENUINE_FAILURE,True,2252.01,RELEASE_LIMIT,False,MANUAL_REVIEW
TXN-0006320,GENUINE_FAILURE,True,1545.08,RELEASE_LIMIT,False,MANUAL_REVIEW
TXN-0006321,SUCCESSFUL_BUT_UNCONFIRMED,False,593.17,NO_ACTION,False,NO_ACTION
TXN-0006322,SUCCESSFUL_BUT_UNCONFIRMED,False,3630.51,NO_ACTION,False,NO_ACTION
TXN-0006323,INCOMPLETE,False,913.28,NO_ACTION,False,NO_ACTION
TXN-0006336,GENUINE_FAILURE,True,12923.19,RELEASE_LIMIT,False,MANUAL_REVIEW
TXN-0006339,GENUINE_FAILURE,True,318.24,RELEASE_LIMIT,True,MANUAL_REVIEW
TXN-0006360,INCOMPLETE,False,675.67,NO_ACTION,False,NO_ACTION
TXN-0006362,GENUINE_FAILURE,True,582.67,RELEASE_LIMIT,True,MANUAL_REVIEW
TXN-0006365,GENUINE_FAILURE,True,507.86,RELEASE_LIMIT,False,MANUAL_REVIEW
TXN-0006382,GENUINE_FAILURE,True,2212.11,RELEASE_LIMIT,False,MANUAL_REVIEW
TXN-0006387,GENUINE_FAILURE,True,1867.51,RELEASE_LIMIT,False,MANUAL_REVIEW
TXN-0006389,GENUINE_FAILURE,True,1668.62,RELEASE_LIMIT,False,MANUAL_REVIEW
TXN-0006410,DUPLICATE_TRANSACTION,False,9425.09,RELEASE_LIMIT,False,MANUAL_REVIEW
TXN-0006424,GENUINE_FAILURE,True,410.68,NO_ACTION,False,NO_ACTION
TXN-0006428,GENUINE_FAILURE,True,740.79,RELEASE_LIMIT,False,MANUAL_REVIEW
TXN-0006452,GENUINE_FAILURE,True,239.77,RELEASE_LIMIT,True,MANUAL_REVIEW
TXN-0006458,GENUINE_FAILURE,True,1332.68,RELEASE_LIMIT,True,MANUAL_REVIEW
TXN-0006475,SUCCESSFUL_BUT_UNCONFIRMED,False,4493.1,NO_ACTION,False,NO_ACTION
TXN-0006477,DUPLICATE_TRANSACTION,False,3468.85,RELEASE_LIMIT,False,MANUAL_REVIEW
TXN-0006490,GENUINE_FAILURE,True,1048.73,RELEASE_LIMIT,False,MANUAL_REVIEW
TXN-0006504,GENUINE_FAILURE,True,2829.76,RELEASE_LIMIT,False,MANUAL_REVIEW
TXN-0006530,GENUINE_FAILURE,True,197.75,RELEASE_LIMIT,False,MANUAL_REVIEW
TXN-0006531,GENUINE_FAILURE,True,619.74,NO_ACTION,False,NO_ACTION
TXN-0006545,GENUINE_FAILURE,True,731.1,RELEASE_LIMIT,False,MANUAL_REVIEW
TXN-0006546,GENUINE_FAILURE,True,1014.85,RELEASE_LIMIT,False,MANUAL_REVIEW
TXN-0006548,GENUINE_FAILURE,True,805.71,RELEASE_LIMIT,False,MANUAL_REVIEW
TXN-0006549,GENUINE_FAILURE,True,1383.3,RELEASE_LIMIT,False,MANUAL_REVIEW
TXN-0006555,GENUINE_FAILURE,True,1291.21,RELEASE_LIMIT,False,MANUAL_REVIEW
TXN-0006556,GENUINE_FAILURE,True,946.26,RELEASE_LIMIT,False,MANUAL_REVIEW
TXN-0006567,GENUINE_FAILURE,True,9772.98,RELEASE_LIMIT,False,MANUAL_REVIEW
TXN-0006589,GENUINE_FAILURE,True,292.4,NO_ACTION,False,NO_ACTION
TXN-0006590,GENUINE_FAILURE,True,3546.58,RELEASE_LIMIT,False,MANUAL_REVIEW
TXN-0006591,GENUINE_FAILURE,True,1041.46,RELEASE_LIMIT,False,MANUAL_REVIEW
TXN-0006605,FALSE_COMPLAINT,False,479.16,NO_ACTION,False,NO_ACTION
TXN-0006609,GENUINE_FAILURE,True,6725.19,RELEASE_LIMIT,False,MANUAL_REVIEW
TXN-0006613,GENUINE_FAILURE,True,725.33,RELEASE_LIMIT,False,MANUAL_REVIEW
TXN-0006617,GENUINE_FAILURE,True,260677.6,RELEASE_LIMIT,False,MANUAL_REVIEW
TXN-0006626,DOUBLE_DEDUCTION,False,4553.23,NO_ACTION,False,NO_ACTION
TXN-0006629,INCOMPLETE,False,436.65,NO_ACTION,False,NO_ACTION
TXN-0006636,GENUINE_FAILURE,True,1000988.72,RELEASE_LIMIT,False,MANUAL_REVIEW
TXN-0006647,GENUINE_FAILURE,True,3017.02,RELEASE_LIMIT,False,MANUAL_REVIEW
TXN-0006662,GENUINE_FAILURE,True,17084.4,RELEASE_LIMIT,False,MANUAL_REVIEW
TXN-0006675,GENUINE_FAILURE,True,34636.55,RELEASE_LIMIT,False,MANUAL_REVIEW
TXN-0006682,INCOMPLETE,False,14.23,NO_ACTION,False,NO_ACTION
TXN-0006687,INCOMPLETE,False,29.04,NO_ACTION,False,NO_ACTION
TXN-0006698,SUCCESSFUL_BUT_UNCONFIRMED,False,856.4,NO_ACTION,False,NO_ACTION
TXN-0006701,GENUINE_FAILURE,True,11156.92,RELEASE_LIMIT,False,MANUAL_REVIEW
TXN-0006711,INCOMPLETE,False,23564.1,NO_ACTION,False,NO_ACTION
TXN-0006728,GENUINE_FAILURE,True,3260.76,RELEASE_LIMIT,False,MANUAL_REVIEW
TXN-0006743,GENUINE_FAILURE,True,8167.44,RELEASE_LIMIT,False,MANUAL_REVIEW
TXN-0006752,INCOMPLETE,False,70218.85,NO_ACTION,False,NO_ACTION
TXN-0006757,GENUINE_FAILURE,True,3327.83,NO_ACTION,False,NO_ACTION
TXN-0006774,GENUINE_FAILURE,True,1.86,RELEASE_LIMIT,False,MANUAL_REVIEW
TXN-0006790,GENUINE_FAILURE,True,900.14,RELEASE_LIMIT,False,MANUAL_REVIEW
TXN-0006791,SUCCESSFUL_BUT_UNCONFIRMED,False,920.33,NO_ACTION,False,NO_ACTION
TXN-0006798,DOUBLE_DEDUCTION,False,5239.92,NO_ACTION,False,NO_ACTION
TXN-0006804,GENUINE_FAILURE,True,8482.82,RELEASE_LIMIT,False,MANUAL_REVIEW
TXN-0006808,GENUINE_FAILURE,True,860.47,NO_ACTION,False,NO_ACTION
TXN-0006813,DOUBLE_DEDUCTION,False,89447.53,NO_ACTION,False,NO_ACTION
TXN-0006828,SUSPICIOUS,False,4759.01,NO_ACTION,False,NO_ACTION
TXN-0006835,INCOMPLETE,False,15568.12,NO_ACTION,False,NO_ACTION
TXN-0006836,GENUINE_FAILURE,True,10227.33,NO_ACTION,False,NO_ACTION
TXN-0006842,GENUINE_FAILURE,True,11109.32,NO_ACTION,False,NO_ACTION
TXN-0006874,GENUINE_FAILURE,True,2932.47,RELEASE_LIMIT,False,MANUAL_REVIEW
TXN-0006876,INCOMPLETE,False,1326.36,NO_ACTION,False,NO_ACTION
TXN-0006887,GENUINE_FAILURE,True,322.01,RELEASE_LIMIT,False,MANUAL_REVIEW
TXN-0006896,GENUINE_FAILURE,True,717.66,RELEASE_LIMIT,True,MANUAL_REVIEW
TXN-0006914,INCOMPLETE,False,3140.12,NO_ACTION,False,NO_ACTION
TXN-0006929,GENUINE_FAILURE,True,469.62,RELEASE_LIMIT,True,MANUAL_REVIEW
TXN-0006939,GENUINE_FAILURE,True,748.35,NO_ACTION,False,NO_ACTION
TXN-0006963,GENUINE_FAILURE,True,372.11,NO_ACTION,False,NO_ACTION
TXN-0006976,INCOMPLETE,False,992.31,NO_ACTION,False,NO_ACTION
TXN-0006982,GENUINE_FAILURE,True,686.56,RELEASE_LIMIT,False,MANUAL_REVIEW
TXN-0006999,GENUINE_FAILURE,True,205.87,RELEASE_LIMIT,False,MANUAL_REVIEW
TXN-0007009,GENUINE_FAILURE,True,85.05,RELEASE_LIMIT,False,MANUAL_REVIEW
TXN-0007014,GENUINE_FAILURE,True,1368.02,RELEASE_LIMIT,False,MANUAL_REVIEW
TXN-0007021,SUCCESSFUL_BUT_UNCONFIRMED,False,20562.87,NO_ACTION,False,NO_ACTION
TXN-0007024,GENUINE_FAILURE,True,6513.32,NO_ACTION,False,NO_ACTION
TXN-0007031,GENUINE_FAILURE,True,1639.31,RELEASE_LIMIT,False,MANUAL_REVIEW
TXN-0007052,GENUINE_FAILURE,True,46.04,RELEASE_LIMIT,False,MANUAL_REVIEW
TXN-0007056,INCOMPLETE,False,10.03,NO_ACTION,False,NO_ACTION
TXN-0007070,GENUINE_FAILURE,True,406.81,RELEASE_LIMIT,False,MANUAL_REVIEW
TXN-0007074,GENUINE_FAILURE,True,25020.51,RELEASE_LIMIT,False,MANUAL_REVIEW
TXN-0007076,GENUINE_FAILURE,True,4538.51,NO_ACTION,False,NO_ACTION
TXN-0007085,GENUINE_FAILURE,True,16.33,NO_ACTION,False,NO_ACTION
TXN-0007094,GENUINE_FAILURE,True,824.85,RELEASE_LIMIT,False,MANUAL_REVIEW
TXN-0007104,SUCCESSFUL_BUT_UNCONFIRMED,False,3556.4,NO_ACTION,False,NO_ACTION
TXN-0007113,GENUINE_FAILURE,True,6996.09,RELEASE_LIMIT,False,MANUAL_REVIEW
TXN-0007117,INCOMPLETE,False,477.6,NO_ACTION,False,NO_ACTION
TXN-0007145,SUCCESSFUL_BUT_UNCONFIRMED,False,4498.56,NO_ACTION,False,NO_ACTION
TXN-0007160,GENUINE_FAILURE,True,103827.67,RELEASE_LIMIT,False,MANUAL_REVIEW
TXN-0007192,GENUINE_FAILURE,True,17.05,NO_ACTION,False,NO_ACTION
TXN-0007197,GENUINE_FAILURE,True,2.19,NO_ACTION,False,NO_ACTION
TXN-0007201,GENUINE_FAILURE,True,8.77,RELEASE_LIMIT,False,MANUAL_REVIEW
TXN-0007210,GENUINE_FAILURE,True,979.27,RELEASE_LIMIT,False,MANUAL_REVIEW
TXN-0007247,INCOMPLETE,False,6184.24,NO_ACTION,False,NO_ACTION
TXN-0007262,INCOMPLETE,False,21624.17,NO_ACTION,False,NO_ACTION
TXN-0007267,GENUINE_FAILURE,True,11980.39,NO_ACTION,False,NO_ACTION
TXN-0007284,GENUINE_FAILURE,True,7676.27,RELEASE_LIMIT,False,MANUAL_REVIEW
TXN-0007298,GENUINE_FAILURE,True,690.68,RELEASE_LIMIT,False,MANUAL_REVIEW
TXN-0007364,GENUINE_FAILURE,True,1646.58,RELEASE_LIMIT,False,MANUAL_REVIEW
TXN-0007373,GENUINE_FAILURE,True,4760.76,RELEASE_LIMIT,False,MANUAL_REVIEW
TXN-0007377,INCOMPLETE,False,10626.18,NO_ACTION,False,NO_ACTION
TXN-0007381,DUPLICATE_TRANSACTION,False,6061.42,RELEASE_LIMIT,False,MANUAL_REVIEW
TXN-0007388,GENUINE_FAILURE,True,399.56,RELEASE_LIMIT,False,MANUAL_REVIEW
TXN-0007393,DOUBLE_DEDUCTION,False,1068.66,NO_ACTION,False,NO_ACTION
TXN-0007445,GENUINE_FAILURE,True,5681.66,NO_ACTION,False,NO_ACTION
TXN-0007447,GENUINE_FAILURE,True,2414.16,RELEASE_LIMIT,False,MANUAL_REVIEW
TXN-0007451,GENUINE_FAILURE,True,10704.1,RELEASE_LIMIT,False,MANUAL_REVIEW
TXN-0007458,GENUINE_FAILURE,True,12588.46,RELEASE_LIMIT,False,MANUAL_REVIEW
TXN-0007459,GENUINE_FAILURE,True,6791.53,NO_ACTION,False,NO_ACTION
TXN-0007472,GENUINE_FAILURE,True,15.83,RELEASE_LIMIT,False,MANUAL_REVIEW
TXN-0007491,INCOMPLETE,False,3.24,NO_ACTION,False,NO_ACTION
TXN-0007525,GENUINE_FAILURE,True,46.16,NO_ACTION,False,NO_ACTION
TXN-0007526,GENUINE_FAILURE,True,38.48,RELEASE_LIMIT,False,MANUAL_REVIEW
TXN-0007535,GENUINE_FAILURE,True,44.73,RELEASE_LIMIT,False,MANUAL_REVIEW
TXN-0007559,GENUINE_FAILURE,True,17883.94,RELEASE_LIMIT,False,MANUAL_REVIEW
TXN-0007580,GENUINE_FAILURE,True,2713.02,RELEASE_LIMIT,False,MANUAL_REVIEW
TXN-0007582,INCOMPLETE,False,2152.69,NO_ACTION,False,NO_ACTION
TXN-0007586,GENUINE_FAILURE,True,67739.44,RELEASE_LIMIT,False,MANUAL_REVIEW
TXN-0007596,GENUINE_FAILURE,True,39964.83,RELEASE_LIMIT,False,MANUAL_REVIEW
TXN-0007605,GENUINE_FAILURE,True,3409.69,RELEASE_LIMIT,False,MANUAL_REVIEW
TXN-0007607,INCOMPLETE,False,11596.77,NO_ACTION,False,NO_ACTION
TXN-0007624,GENUINE_FAILURE,True,27959.63,RELEASE_LIMIT,False,MANUAL_REVIEW
TXN-0007643,GENUINE_FAILURE,True,1721.56,NO_ACTION,False,NO_ACTION
TXN-0007651,GENUINE_FAILURE,True,54.1,RELEASE_LIMIT,False,MANUAL_REVIEW
TXN-0007671,INCOMPLETE,False,64.06,NO_ACTION,False,NO_ACTION
TXN-0007701,INCOMPLETE,False,1485.64,NO_ACTION,False,NO_ACTION
TXN-0007709,DOUBLE_DEDUCTION,False,2512.77,NO_ACTION,False,NO_ACTION
TXN-0007721,GENUINE_FAILURE,True,14922.31,NO_ACTION,False,NO_ACTION
TXN-0007748,GENUINE_FAILURE,True,565.54,RELEASE_LIMIT,False,MANUAL_REVIEW
TXN-0007756,GENUINE_FAILURE,True,533.83,RELEASE_LIMIT,False,MANUAL_REVIEW
TXN-0007763,GENUINE_FAILURE,True,792.76,RELEASE_LIMIT,False,MANUAL_REVIEW
TXN-0007788,GENUINE_FAILURE,True,5278.47,RELEASE_LIMIT,False,MANUAL_REVIEW
TXN-0007797,GENUINE_FAILURE,True,2551.23,RELEASE_LIMIT,False,MANUAL_REVIEW
TXN-0007827,GENUINE_FAILURE,True,1008.96,RELEASE_LIMIT,False,MANUAL_REVIEW
TXN-0007829,GENUINE_FAILURE,True,1844.37,RELEASE_LIMIT,False,MANUAL_REVIEW
TXN-0007835,SUCCESSFUL_BUT_UNCONFIRMED,False,8945.04,NO_ACTION,False,NO_ACTION
TXN-0007837,DOUBLE_DEDUCTION,False,24014.27,NO_ACTION,False,NO_ACTION
TXN-0007839,GENUINE_FAILURE,True,3447.91,RELEASE_LIMIT,False,MANUAL_REVIEW
TXN-0007855,SUCCESSFUL_BUT_UNCONFIRMED,False,1420.21,NO_ACTION,False,NO_ACTION
TXN-0007880,GENUINE_FAILURE,True,2023.2,NO_ACTION,False,NO_ACTION
TXN-0007881,GENUINE_FAILURE,True,3292.15,NO_ACTION,False,NO_ACTION
TXN-0007886,GENUINE_FAILURE,True,8715.43,RELEASE_LIMIT,False,MANUAL_REVIEW
TXN-0007893,GENUINE_FAILURE,True,28242.74,RELEASE_LIMIT,False,MANUAL_REVIEW
TXN-0007896,GENUINE_FAILURE,True,48445.98,RELEASE_LIMIT,False,MANUAL_REVIEW
TXN-0007906,INCOMPLETE,False,8522.55,NO_ACTION,False,NO_ACTION
TXN-0007919,GENUINE_FAILURE,True,2290.13,RELEASE_LIMIT,False,MANUAL_REVIEW
TXN-0007920,GENUINE_FAILURE,True,5935.53,RELEASE_LIMIT,False,MANUAL_REVIEW
TXN-0007921,GENUINE_FAILURE,True,1594.21,RELEASE_LIMIT,False,MANUAL_REVIEW
TXN-0007922,SUCCESSFUL_BUT_UNCONFIRMED,False,12470.93,NO_ACTION,False,NO_ACTION
TXN-0007923,GENUINE_FAILURE,True,681.39,RELEASE_LIMIT,False,MANUAL_REVIEW
TXN-0007924,GENUINE_FAILURE,True,4416.54,RELEASE_LIMIT,False,MANUAL_REVIEW
TXN-0007925,GENUINE_FAILURE,True,3191.02,RELEASE_LIMIT,False,MANUAL_REVIEW
TXN-0007927,GENUINE_FAILURE,True,776.42,RELEASE_LIMIT,False,MANUAL_REVIEW
TXN-0007928,GENUINE_FAILURE,True,2090.2,RELEASE_LIMIT,False,MANUAL_REVIEW
TXN-0007929,GENUINE_FAILURE,True,653.3,RELEASE_LIMIT,False,MANUAL_REVIEW
TXN-0007930,GENUINE_FAILURE,True,458.51,RELEASE_LIMIT,False,MANUAL_REVIEW
TXN-0007933,GENUINE_FAILURE,True,416.62,RELEASE_LIMIT,False,MANUAL_REVIEW
TXN-0007935,GENUINE_FAILURE,True,5535.69,RELEASE_LIMIT,False,MANUAL_REVIEW
TXN-0007936,GENUINE_FAILURE,True,1040.09,RELEASE_LIMIT,False,MANUAL_REVIEW
TXN-0007941,DOUBLE_DEDUCTION,False,48.56,NO_ACTION,False,NO_ACTION
TXN-0007954,GENUINE_FAILURE,True,42.63,RELEASE_LIMIT,False,MANUAL_REVIEW
TXN-0007991,GENUINE_FAILURE,True,21303.13,RELEASE_LIMIT,False,MANUAL_REVIEW
TXN-0007993,GENUINE_FAILURE,True,4396.27,NO_ACTION,False,NO_ACTION
TXN-0007998,GENUINE_FAILURE,True,2017.29,RELEASE_LIMIT,False,MANUAL_REVIEW
TXN-0008010,GENUINE_FAILURE,True,21981.42,RELEASE_LIMIT,False,MANUAL_REVIEW
TXN-0008012,GENUINE_FAILURE,True,1302.07,RELEASE_LIMIT,False,MANUAL_REVIEW
TXN-0008014,GENUINE_FAILURE,True,544.95,RELEASE_LIMIT,False,MANUAL_REVIEW
TXN-0008017,DOUBLE_DEDUCTION,False,719.95,NO_ACTION,False,NO_ACTION
TXN-0008019,GENUINE_FAILURE,True,3008.79,RELEASE_LIMIT,False,MANUAL_REVIEW
TXN-0008038,GENUINE_FAILURE,True,1054.0,RELEASE_LIMIT,False,MANUAL_REVIEW
TXN-0008049,GENUINE_FAILURE,True,68.02,RELEASE_LIMIT,False,MANUAL_REVIEW
TXN-0008074,GENUINE_FAILURE,True,98.67,RELEASE_LIMIT,False,MANUAL_REVIEW
TXN-0008093,GENUINE_FAILURE,True,130.42,RELEASE_LIMIT,False,MANUAL_REVIEW
TXN-0008105,GENUINE_FAILURE,True,37.89,RELEASE_LIMIT,False,MANUAL_REVIEW
TXN-0008117,INCOMPLETE,False,1660.13,NO_ACTION,False,NO_ACTION
TXN-0008128,GENUINE_FAILURE,True,758.31,RELEASE_LIMIT,False,MANUAL_REVIEW
TXN-0008129,GENUINE_FAILURE,True,85.91,RELEASE_LIMIT,False,MANUAL_REVIEW
TXN-0008135,GENUINE_FAILURE,True,11.57,RELEASE_LIMIT,False,MANUAL_REVIEW
TXN-0008138,GENUINE_FAILURE,True,45.88,RELEASE_LIMIT,False,MANUAL_REVIEW
TXN-0008152,GENUINE_FAILURE,True,2217.82,RELEASE_LIMIT,False,MANUAL_REVIEW
TXN-0008181,GENUINE_FAILURE,True,23.07,NO_ACTION,False,NO_ACTION
TXN-0008196,GENUINE_FAILURE,True,1242.75,RELEASE_LIMIT,True,MANUAL_REVIEW
TXN-0008203,GENUINE_FAILURE,True,80.5,RELEASE_LIMIT,False,MANUAL_REVIEW
TXN-0008220,GENUINE_FAILURE,True,2562.05,RELEASE_LIMIT,False,MANUAL_REVIEW
TXN-0008226,GENUINE_FAILURE,True,262.49,RELEASE_LIMIT,False,MANUAL_REVIEW
TXN-0008230,GENUINE_FAILURE,True,547.05,RELEASE_LIMIT,False,MANUAL_REVIEW
TXN-0008231,GENUINE_FAILURE,True,757.44,RELEASE_LIMIT,False,MANUAL_REVIEW
TXN-0008235,GENUINE_FAILURE,True,5190.27,RELEASE_LIMIT,False,MANUAL_REVIEW
TXN-0008237,INCOMPLETE,False,3322.15,NO_ACTION,False,NO_ACTION
TXN-0008239,DOUBLE_DEDUCTION,False,3940.14,NO_ACTION,False,NO_ACTION
TXN-0008242,GENUINE_FAILURE,True,7693.12,RELEASE_LIMIT,False,MANUAL_REVIEW
TXN-0008243,GENUINE_FAILURE,True,6508.46,RELEASE_LIMIT,False,MANUAL_REVIEW
TXN-0008244,GENUINE_FAILURE,True,493.83,RELEASE_LIMIT,False,MANUAL_REVIEW
TXN-0008263,DOUBLE_DEDUCTION,False,1871.43,NO_ACTION,False,NO_ACTION
TXN-0008276,GENUINE_FAILURE,True,6087.94,NO_ACTION,False,NO_ACTION
TXN-0008279,GENUINE_FAILURE,True,16818.98,RELEASE_LIMIT,False,MANUAL_REVIEW
TXN-0008293,GENUINE_FAILURE,True,16.36,RELEASE_LIMIT,False,MANUAL_REVIEW
TXN-0008304,GENUINE_FAILURE,True,1825.39,RELEASE_LIMIT,False,MANUAL_REVIEW
TXN-0008306,INCOMPLETE,False,1541.0,NO_ACTION,False,NO_ACTION
TXN-0008322,GENUINE_FAILURE,True,8690.38,NO_ACTION,False,NO_ACTION
TXN-0008334,GENUINE_FAILURE,True,4894.2,RELEASE_LIMIT,False,MANUAL_REVIEW
TXN-0008335,GENUINE_FAILURE,True,1285.26,NO_ACTION,False,NO_ACTION
TXN-0008346,GENUINE_FAILURE,True,6236.99,RELEASE_LIMIT,False,MANUAL_REVIEW
TXN-0008355,GENUINE_FAILURE,True,219.07,NO_ACTION,False,NO_ACTION
TXN-0008366,GENUINE_FAILURE,True,2142.03,RELEASE_LIMIT,False,MANUAL_REVIEW
TXN-0008374,GENUINE_FAILURE,True,26819.91,RELEASE_LIMIT,False,MANUAL_REVIEW
TXN-0008379,GENUINE_FAILURE,True,2429.02,RELEASE_LIMIT,False,MANUAL_REVIEW
TXN-0008392,GENUINE_FAILURE,True,277.03,RELEASE_LIMIT,False,MANUAL_REVIEW
TXN-0008404,GENUINE_FAILURE,True,2021.96,RELEASE_LIMIT,False,MANUAL_REVIEW
TXN-0008414,DUPLICATE_TRANSACTION,False,1414.44,RELEASE_LIMIT,False,MANUAL_REVIEW
TXN-0008418,GENUINE_FAILURE,True,641.66,RELEASE_LIMIT,False,MANUAL_REVIEW
TXN-0008419,INCOMPLETE,False,476.55,NO_ACTION,False,NO_ACTION
TXN-0008428,INCOMPLETE,False,366.39,NO_ACTION,False,NO_ACTION
TXN-0008448,GENUINE_FAILURE,True,3380.43,RELEASE_LIMIT,False,MANUAL_REVIEW
TXN-0008465,SUCCESSFUL_BUT_UNCONFIRMED,False,9700.83,NO_ACTION,False,NO_ACTION
TXN-0008474,GENUINE_FAILURE,True,1658961.11,RELEASE_LIMIT,False,MANUAL_REVIEW
TXN-0008502,GENUINE_FAILURE,True,5.07,RELEASE_LIMIT,False,MANUAL_REVIEW
TXN-0008511,GENUINE_FAILURE,True,6.87,RELEASE_LIMIT,False,MANUAL_REVIEW
TXN-0008529,GENUINE_FAILURE,True,1750.65,RELEASE_LIMIT,False,MANUAL_REVIEW
TXN-0008536,INCOMPLETE,False,719.48,NO_ACTION,False,NO_ACTION
TXN-0008546,GENUINE_FAILURE,True,1144.9,RELEASE_LIMIT,False,MANUAL_REVIEW
TXN-0008548,GENUINE_FAILURE,True,439.34,RELEASE_LIMIT,False,MANUAL_REVIEW
TXN-0008571,GENUINE_FAILURE,True,649.85,RELEASE_LIMIT,False,MANUAL_REVIEW
TXN-0008573,GENUINE_FAILURE,True,1186.87,NO_ACTION,False,NO_ACTION
TXN-0008574,INCOMPLETE,False,15767.48,NO_ACTION,False,NO_ACTION
TXN-0008580,GENUINE_FAILURE,True,1977.42,RELEASE_LIMIT,False,MANUAL_REVIEW
TXN-0008589,GENUINE_FAILURE,True,16662.46,RELEASE_LIMIT,False,MANUAL_REVIEW
TXN-0008605,GENUINE_FAILURE,True,1448.4,NO_ACTION,False,NO_ACTION
TXN-0008613,INCOMPLETE,False,109.13,NO_ACTION,False,NO_ACTION
TXN-0008642,GENUINE_FAILURE,True,7544.02,RELEASE_LIMIT,False,MANUAL_REVIEW
TXN-0008657,GENUINE_FAILURE,True,2249.76,NO_ACTION,False,NO_ACTION
TXN-0008682,GENUINE_FAILURE,True,2595.9,RELEASE_LIMIT,False,MANUAL_REVIEW
TXN-0008686,GENUINE_FAILURE,True,7755.43,RELEASE_LIMIT,False,MANUAL_REVIEW
TXN-0008688,GENUINE_FAILURE,True,12765.08,RELEASE_LIMIT,False,MANUAL_REVIEW
TXN-0008700,GENUINE_FAILURE,True,2294.02,RELEASE_LIMIT,False,MANUAL_REVIEW
TXN-0008709,SUCCESSFUL_BUT_UNCONFIRMED,False,31.29,NO_ACTION,False,NO_ACTION
TXN-0008711,GENUINE_FAILURE,True,89.05,NO_ACTION,False,NO_ACTION
TXN-0008716,GENUINE_FAILURE,True,395.45,RELEASE_LIMIT,False,MANUAL_REVIEW
TXN-0008721,SUCCESSFUL_BUT_UNCONFIRMED,False,37.79,NO_ACTION,False,NO_ACTION
TXN-0008727,GENUINE_FAILURE,True,42052.43,RELEASE_LIMIT,False,MANUAL_REVIEW
TXN-0008762,INCOMPLETE,False,1313.42,NO_ACTION,False,NO_ACTION
TXN-0008766,GENUINE_FAILURE,True,527.05,RELEASE_LIMIT,True,MANUAL_REVIEW
TXN-0008771,GENUINE_FAILURE,True,670.26,RELEASE_LIMIT,False,MANUAL_REVIEW
TXN-0008780,GENUINE_FAILURE,True,1665.43,RELEASE_LIMIT,False,MANUAL_REVIEW
TXN-0008798,GENUINE_FAILURE,True,765.43,RELEASE_LIMIT,False,MANUAL_REVIEW
TXN-0008807,GENUINE_FAILURE,True,1070.28,RELEASE_LIMIT,False,MANUAL_REVIEW
TXN-0008835,GENUINE_FAILURE,True,12459.21,RELEASE_LIMIT,False,MANUAL_REVIEW
TXN-0008837,GENUINE_FAILURE,True,5296.99,RELEASE_LIMIT,False,MANUAL_REVIEW
TXN-0008845,GENUINE_FAILURE,True,5304.13,NO_ACTION,False,NO_ACTION
TXN-0008850,INCOMPLETE,False,2356.84,NO_ACTION,False,NO_ACTION
TXN-0008853,GENUINE_FAILURE,True,2679.38,RELEASE_LIMIT,False,MANUAL_REVIEW
TXN-0008856,INCOMPLETE,False,1389.52,NO_ACTION,False,NO_ACTION
TXN-0008869,GENUINE_FAILURE,True,255.24,NO_ACTION,False,NO_ACTION
TXN-0008872,DOUBLE_DEDUCTION,False,283.01,NO_ACTION,False,NO_ACTION
TXN-0008877,GENUINE_FAILURE,True,2278.27,RELEASE_LIMIT,False,MANUAL_REVIEW
TXN-0008879,GENUINE_FAILURE,True,471.4,RELEASE_LIMIT,False,MANUAL_REVIEW
TXN-0008883,GENUINE_FAILURE,True,1471.15,RELEASE_LIMIT,False,MANUAL_REVIEW
TXN-0008902,GENUINE_FAILURE,True,171.48,RELEASE_LIMIT,False,MANUAL_REVIEW
TXN-0008915,GENUINE_FAILURE,True,547.04,RELEASE_LIMIT,False,MANUAL_REVIEW
TXN-0008917,DUPLICATE_TRANSACTION,False,8409.87,RELEASE_LIMIT,False,MANUAL_REVIEW
TXN-0008920,GENUINE_FAILURE,True,333.38,RELEASE_LIMIT,True,MANUAL_REVIEW
TXN-0008942,GENUINE_FAILURE,True,4215.69,RELEASE_LIMIT,False,MANUAL_REVIEW
TXN-0008944,GENUINE_FAILURE,True,1845.53,RELEASE_LIMIT,False,MANUAL_REVIEW
TXN-0008972,GENUINE_FAILURE,True,1091.97,RELEASE_LIMIT,False,MANUAL_REVIEW
TXN-0008978,GENUINE_FAILURE,True,1575.87,RELEASE_LIMIT,False,MANUAL_REVIEW
TXN-0008981,GENUINE_FAILURE,True,941.84,RELEASE_LIMIT,False,MANUAL_REVIEW
TXN-0008983,GENUINE_FAILURE,True,546.42,RELEASE_LIMIT,False,MANUAL_REVIEW
TXN-0008984,GENUINE_FAILURE,True,4404.51,RELEASE_LIMIT,False,MANUAL_REVIEW
TXN-0008985,GENUINE_FAILURE,True,488.73,RELEASE_LIMIT,False,MANUAL_REVIEW
TXN-0008986,DOUBLE_DEDUCTION,False,1388.61,NO_ACTION,False,NO_ACTION
TXN-0008987,GENUINE_FAILURE,True,1469.75,RELEASE_LIMIT,False,MANUAL_REVIEW
TXN-0008991,GENUINE_FAILURE,True,527.74,RELEASE_LIMIT,False,MANUAL_REVIEW
TXN-0008992,SUCCESSFUL_BUT_UNCONFIRMED,False,7444.46,NO_ACTION,False,NO_ACTION
TXN-0008993,GENUINE_FAILURE,True,138.24,NO_ACTION,False,NO_ACTION
TXN-0009011,INCOMPLETE,False,541.11,NO_ACTION,False,NO_ACTION
TXN-0009012,GENUINE_FAILURE,True,1646.99,NO_ACTION,False,NO_ACTION
TXN-0009025,SUCCESSFUL_BUT_UNCONFIRMED,False,428.37,NO_ACTION,False,NO_ACTION
TXN-0009071,GENUINE_FAILURE,True,74.4,RELEASE_LIMIT,False,MANUAL_REVIEW
TXN-0009081,GENUINE_FAILURE,True,18.01,RELEASE_LIMIT,False,MANUAL_REVIEW
TXN-0009102,GENUINE_FAILURE,True,13.8,RELEASE_LIMIT,False,MANUAL_REVIEW
TXN-0009116,INCOMPLETE,False,1416.7,NO_ACTION,False,NO_ACTION
TXN-0009132,GENUINE_FAILURE,True,251.29,NO_ACTION,False,NO_ACTION
TXN-0009155,GENUINE_FAILURE,True,3555.38,RELEASE_LIMIT,False,MANUAL_REVIEW
TXN-0009162,INCOMPLETE,False,15.9,NO_ACTION,False,NO_ACTION
TXN-0009181,GENUINE_FAILURE,True,407.44,RELEASE_LIMIT,True,MANUAL_REVIEW
TXN-0009199,GENUINE_FAILURE,True,25299.85,RELEASE_LIMIT,False,MANUAL_REVIEW
TXN-0009203,GENUINE_FAILURE,True,1003.49,RELEASE_LIMIT,False,MANUAL_REVIEW
TXN-0009218,GENUINE_FAILURE,True,455.7,RELEASE_LIMIT,False,MANUAL_REVIEW
TXN-0009222,GENUINE_FAILURE,True,2031.19,RELEASE_LIMIT,False,MANUAL_REVIEW
TXN-0009224,GENUINE_FAILURE,True,321.73,RELEASE_LIMIT,False,MANUAL_REVIEW
TXN-0009225,INCOMPLETE,False,1459.18,NO_ACTION,False,NO_ACTION
TXN-0009226,GENUINE_FAILURE,True,913.65,NO_ACTION,False,NO_ACTION
TXN-0009246,GENUINE_FAILURE,True,1542.13,RELEASE_LIMIT,False,MANUAL_REVIEW
TXN-0009274,INCOMPLETE,False,39.44,NO_ACTION,False,NO_ACTION
TXN-0009286,GENUINE_FAILURE,True,12.53,NO_ACTION,False,NO_ACTION
TXN-0009307,DOUBLE_DEDUCTION,False,666.95,NO_ACTION,False,NO_ACTION
TXN-0009317,GENUINE_FAILURE,True,7.01,RELEASE_LIMIT,False,MANUAL_REVIEW
TXN-0009342,GENUINE_FAILURE,True,912.79,NO_ACTION,False,NO_ACTION
TXN-0009348,GENUINE_FAILURE,True,8018.69,RELEASE_LIMIT,False,MANUAL_REVIEW
TXN-0009350,GENUINE_FAILURE,True,15291.71,RELEASE_LIMIT,False,MANUAL_REVIEW
TXN-0009351,GENUINE_FAILURE,True,734.45,RELEASE_LIMIT,False,MANUAL_REVIEW
TXN-0009363,GENUINE_FAILURE,True,358.34,RELEASE_LIMIT,False,MANUAL_REVIEW
TXN-0009375,GENUINE_FAILURE,True,7105.9,RELEASE_LIMIT,False,MANUAL_REVIEW
TXN-0009377,GENUINE_FAILURE,True,1493.4,RELEASE_LIMIT,True,MANUAL_REVIEW
TXN-0009381,INCOMPLETE,False,524.76,NO_ACTION,False,NO_ACTION
TXN-0009394,GENUINE_FAILURE,True,1079.21,RELEASE_LIMIT,False,MANUAL_REVIEW
TXN-0009398,INCOMPLETE,False,1976.75,NO_ACTION,False,NO_ACTION
TXN-0009415,GENUINE_FAILURE,True,761.64,RELEASE_LIMIT,False,MANUAL_REVIEW
TXN-0009420,GENUINE_FAILURE,False,53131.97,RELEASE_LIMIT,False,MANUAL_REVIEW
TXN-0009427,INCOMPLETE,False,7030.67,NO_ACTION,False,NO_ACTION
TXN-0009430,GENUINE_FAILURE,True,885.77,RELEASE_LIMIT,False,MANUAL_REVIEW
TXN-0009437,GENUINE_FAILURE,True,3001.29,RELEASE_LIMIT,False,MANUAL_REVIEW
TXN-0009443,INCOMPLETE,False,4332.13,NO_ACTION,False,NO_ACTION
TXN-0009447,GENUINE_FAILURE,True,7053.74,RELEASE_LIMIT,False,MANUAL_REVIEW
TXN-0009460,GENUINE_FAILURE,True,1258.51,RELEASE_LIMIT,False,MANUAL_REVIEW
TXN-0009478,DOUBLE_DEDUCTION,False,94087.95,NO_ACTION,False,NO_ACTION
TXN-0009490,GENUINE_FAILURE,True,818.14,RELEASE_LIMIT,False,MANUAL_REVIEW
TXN-0009498,GENUINE_FAILURE,True,3460.93,RELEASE_LIMIT,False,MANUAL_REVIEW
TXN-0009500,GENUINE_FAILURE,True,480.77,RELEASE_LIMIT,False,MANUAL_REVIEW
TXN-0009502,GENUINE_FAILURE,True,2088.61,RELEASE_LIMIT,False,MANUAL_REVIEW
TXN-0009515,GENUINE_FAILURE,True,7.18,RELEASE_LIMIT,False,MANUAL_REVIEW
TXN-0009535,FALSE_COMPLAINT,False,823.67,NO_ACTION,False,NO_ACTION
TXN-0009546,GENUINE_FAILURE,True,3175.56,RELEASE_LIMIT,False,MANUAL_REVIEW
TXN-0009548,GENUINE_FAILURE,True,1245.93,NO_ACTION,False,NO_ACTION
TXN-0009550,GENUINE_FAILURE,True,6497.35,RELEASE_LIMIT,False,MANUAL_REVIEW
TXN-0009551,INCOMPLETE,False,41044.9,NO_ACTION,False,NO_ACTION
TXN-0009557,GENUINE_FAILURE,True,3589.69,RELEASE_LIMIT,False,MANUAL_REVIEW
TXN-0009568,GENUINE_FAILURE,True,3633.82,RELEASE_LIMIT,False,MANUAL_REVIEW
TXN-0009590,INCOMPLETE,False,1818.88,NO_ACTION,False,NO_ACTION
TXN-0009591,GENUINE_FAILURE,True,3371.32,RELEASE_LIMIT,False,MANUAL_REVIEW
TXN-0009594,DUPLICATE_TRANSACTION,False,2670.69,RELEASE_LIMIT,False,MANUAL_REVIEW
TXN-0009595,GENUINE_FAILURE,True,837.3,RELEASE_LIMIT,False,MANUAL_REVIEW
TXN-0009610,GENUINE_FAILURE,True,2594.4,RELEASE_LIMIT,False,MANUAL_REVIEW
TXN-0009615,INCOMPLETE,False,8064.33,NO_ACTION,False,NO_ACTION
TXN-0009618,GENUINE_FAILURE,True,2922.96,RELEASE_LIMIT,False,MANUAL_REVIEW
TXN-0009622,INCOMPLETE,False,185.92,NO_ACTION,False,NO_ACTION
TXN-0009631,GENUINE_FAILURE,True,278.46,RELEASE_LIMIT,False,MANUAL_REVIEW
TXN-0009637,GENUINE_FAILURE,True,184.41,RELEASE_LIMIT,False,MANUAL_REVIEW
TXN-0009647,GENUINE_FAILURE,True,92.88,NO_ACTION,False,NO_ACTION
TXN-0009656,GENUINE_FAILURE,True,322.06,RELEASE_LIMIT,False,MANUAL_REVIEW
TXN-0009662,GENUINE_FAILURE,True,893.68,RELEASE_LIMIT,True,MANUAL_REVIEW
TXN-0009675,GENUINE_FAILURE,True,45208.21,RELEASE_LIMIT,False,MANUAL_REVIEW
TXN-0009692,GENUINE_FAILURE,True,2033.79,RELEASE_LIMIT,False,MANUAL_REVIEW
TXN-0009715,GENUINE_FAILURE,True,782.47,RELEASE_LIMIT,False,MANUAL_REVIEW
TXN-0009726,SUCCESSFUL_BUT_UNCONFIRMED,False,3036.1,NO_ACTION,False,NO_ACTION
TXN-0009732,GENUINE_FAILURE,True,651.76,RELEASE_LIMIT,True,MANUAL_REVIEW
TXN-0009742,DOUBLE_DEDUCTION,False,29.62,NO_ACTION,False,NO_ACTION
TXN-0009754,GENUINE_FAILURE,True,100.47,NO_ACTION,False,NO_ACTION
TXN-0009762,GENUINE_FAILURE,True,64.82,NO_ACTION,False,NO_ACTION
TXN-0009777,GENUINE_FAILURE,True,2778.35,RELEASE_LIMIT,False,MANUAL_REVIEW
TXN-0009794,DUPLICATE_TRANSACTION,False,1153.76,RELEASE_LIMIT,False,MANUAL_REVIEW
TXN-0009797,GENUINE_FAILURE,True,8236.18,RELEASE_LIMIT,False,MANUAL_REVIEW
TXN-0009804,DOUBLE_DEDUCTION,False,976.04,NO_ACTION,False,NO_ACTION
TXN-0009808,GENUINE_FAILURE,True,2608.55,NO_ACTION,False,NO_ACTION
TXN-0009811,GENUINE_FAILURE,True,106312.17,RELEASE_LIMIT,False,MANUAL_REVIEW
TXN-0009812,GENUINE_FAILURE,True,2206.22,NO_ACTION,False,NO_ACTION
TXN-0009824,GENUINE_FAILURE,True,14.26,RELEASE_LIMIT,False,MANUAL_REVIEW
TXN-0009827,GENUINE_FAILURE,True,33.41,RELEASE_LIMIT,False,MANUAL_REVIEW
TXN-0009830,GENUINE_FAILURE,True,80.37,RELEASE_LIMIT,False,MANUAL_REVIEW
TXN-0009831,INCOMPLETE,False,21.55,NO_ACTION,False,NO_ACTION
TXN-0009833,GENUINE_FAILURE,True,1.04,RELEASE_LIMIT,False,MANUAL_REVIEW
TXN-0009836,GENUINE_FAILURE,True,2503.68,RELEASE_LIMIT,False,MANUAL_REVIEW
TXN-0009837,GENUINE_FAILURE,True,1501.94,RELEASE_LIMIT,False,MANUAL_REVIEW
TXN-0009840,GENUINE_FAILURE,True,322.73,RELEASE_LIMIT,False,MANUAL_REVIEW
TXN-0009860,INCOMPLETE,False,1058.22,NO_ACTION,False,NO_ACTION
TXN-0009875,SUCCESSFUL_BUT_UNCONFIRMED,False,276.91,NO_ACTION,False,NO_ACTION
TXN-0009881,GENUINE_FAILURE,True,1660.78,RELEASE_LIMIT,False,MANUAL_REVIEW
TXN-0009882,INCOMPLETE,False,2079.41,NO_ACTION,False,NO_ACTION
TXN-0009888,DOUBLE_DEDUCTION,False,3076.21,NO_ACTION,False,NO_ACTION
TXN-0009890,GENUINE_FAILURE,True,1508.49,RELEASE_LIMIT,False,MANUAL_REVIEW
TXN-0009892,GENUINE_FAILURE,True,1004.51,RELEASE_LIMIT,False,MANUAL_REVIEW
TXN-0009898,GENUINE_FAILURE,True,1400.6,RELEASE_LIMIT,False,MANUAL_REVIEW
TXN-0009899,GENUINE_FAILURE,True,3033.19,RELEASE_LIMIT,False,MANUAL_REVIEW
TXN-0009900,GENUINE_FAILURE,True,984.75,RELEASE_LIMIT,False,MANUAL_REVIEW
TXN-0009902,GENUINE_FAILURE,True,933.81,RELEASE_LIMIT,False,MANUAL_REVIEW
TXN-0009917,INCOMPLETE,False,101.86,NO_ACTION,False,NO_ACTION
TXN-0009934,GENUINE_FAILURE,True,287.57,RELEASE_LIMIT,False,MANUAL_REVIEW
TXN-0009943,GENUINE_FAILURE,True,254.79,RELEASE_LIMIT,False,MANUAL_REVIEW
TXN-0009990,GENUINE_FAILURE,True,8.02,RELEASE_LIMIT,False,MANUAL_REVIEW
TXN-0009996,FALSE_COMPLAINT,False,13562.43,NO_ACTION,False,NO_ACTION
TXN-0010019,GENUINE_FAILURE,True,6227.11,RELEASE_LIMIT,False,MANUAL_REVIEW
TXN-0010029,GENUINE_FAILURE,True,7488.33,RELEASE_LIMIT,False,MANUAL_REVIEW
TXN-0010043,INCOMPLETE,False,663.34,NO_ACTION,False,NO_ACTION
TXN-0010045,INCOMPLETE,False,1840.64,NO_ACTION,False,NO_ACTION
TXN-0010046,GENUINE_FAILURE,True,946.36,RELEASE_LIMIT,False,MANUAL_REVIEW
TXN-0010075,GENUINE_FAILURE,True,167.64,RELEASE_LIMIT,False,MANUAL_REVIEW
TXN-0010077,GENUINE_FAILURE,True,1377.71,NO_ACTION,False,NO_ACTION
TXN-0010101,GENUINE_FAILURE,True,556.11,RELEASE_LIMIT,False,MANUAL_REVIEW
TXN-0010121,DOUBLE_DEDUCTION,False,2834.78,NO_ACTION,False,NO_ACTION
TXN-0010136,GENUINE_FAILURE,True,43.47,RELEASE_LIMIT,False,MANUAL_REVIEW
TXN-0010147,GENUINE_FAILURE,True,1560.18,NO_ACTION,False,NO_ACTION
TXN-0010152,GENUINE_FAILURE,True,3296.09,RELEASE_LIMIT,False,MANUAL_REVIEW
TXN-0010169,GENUINE_FAILURE,True,11527.29,RELEASE_LIMIT,False,MANUAL_REVIEW
TXN-0010171,GENUINE_FAILURE,True,1187.89,RELEASE_LIMIT,False,MANUAL_REVIEW
TXN-0010185,GENUINE_FAILURE,True,1478.62,RELEASE_LIMIT,False,MANUAL_REVIEW
TXN-0010186,DOUBLE_DEDUCTION,False,7687.23,NO_ACTION,False,NO_ACTION
TXN-0010206,GENUINE_FAILURE,True,4837.19,RELEASE_LIMIT,False,MANUAL_REVIEW
TXN-0010207,GENUINE_FAILURE,True,10652.55,NO_ACTION,False,NO_ACTION
TXN-0010223,GENUINE_FAILURE,True,1150.08,RELEASE_LIMIT,False,MANUAL_REVIEW
TXN-0010229,INCOMPLETE,False,2383.43,NO_ACTION,False,NO_ACTION
TXN-0010244,GENUINE_FAILURE,True,1300.42,RELEASE_LIMIT,False,MANUAL_REVIEW
TXN-0010249,INCOMPLETE,False,1383.5,NO_ACTION,False,NO_ACTION
TXN-0010255,GENUINE_FAILURE,True,2436.02,RELEASE_LIMIT,False,MANUAL_REVIEW
TXN-0010268,INCOMPLETE,False,810.15,NO_ACTION,False,NO_ACTION
TXN-0010275,GENUINE_FAILURE,True,1049.56,RELEASE_LIMIT,False,MANUAL_REVIEW
TXN-0010300,GENUINE_FAILURE,True,1372.47,RELEASE_LIMIT,False,MANUAL_REVIEW
TXN-0010312,GENUINE_FAILURE,True,1090.99,RELEASE_LIMIT,True,MANUAL_REVIEW
TXN-0010317,GENUINE_FAILURE,True,749.39,NO_ACTION,False,NO_ACTION
TXN-0010319,GENUINE_FAILURE,True,3234.46,RELEASE_LIMIT,False,MANUAL_REVIEW
TXN-0010324,INCOMPLETE,False,2924.32,NO_ACTION,False,NO_ACTION
TXN-0010327,GENUINE_FAILURE,True,676.59,RELEASE_LIMIT,False,MANUAL_REVIEW
TXN-0010329,GENUINE_FAILURE,True,175.13,RELEASE_LIMIT,False,MANUAL_REVIEW
TXN-0010332,GENUINE_FAILURE,True,194.57,RELEASE_LIMIT,False,MANUAL_REVIEW
TXN-0010334,GENUINE_FAILURE,True,1244.72,RELEASE_LIMIT,False,MANUAL_REVIEW
TXN-0010335,INCOMPLETE,False,1330.44,NO_ACTION,False,NO_ACTION
TXN-0010338,SUCCESSFUL_BUT_UNCONFIRMED,False,1897.72,NO_ACTION,False,NO_ACTION
TXN-0010339,GENUINE_FAILURE,True,1345.45,RELEASE_LIMIT,False,MANUAL_REVIEW
TXN-0010340,GENUINE_FAILURE,True,322.51,RELEASE_LIMIT,False,MANUAL_REVIEW
TXN-0010343,SUCCESSFUL_BUT_UNCONFIRMED,False,434.37,NO_ACTION,False,NO_ACTION
TXN-0010360,GENUINE_FAILURE,True,539.46,NO_ACTION,False,NO_ACTION
TXN-0010361,GENUINE_FAILURE,True,1028.55,RELEASE_LIMIT,False,MANUAL_REVIEW
TXN-0010375,INCOMPLETE,False,4002.61,NO_ACTION,False,NO_ACTION
TXN-0010383,SUCCESSFUL_BUT_UNCONFIRMED,False,1697.26,NO_ACTION,False,NO_ACTION
TXN-0010415,GENUINE_FAILURE,True,1124.22,RELEASE_LIMIT,False,MANUAL_REVIEW
TXN-0010430,GENUINE_FAILURE,True,3.5,RELEASE_LIMIT,False,MANUAL_REVIEW
TXN-0010438,GENUINE_FAILURE,True,22.53,RELEASE_LIMIT,False,MANUAL_REVIEW
TXN-0010439,GENUINE_FAILURE,True,96.59,RELEASE_LIMIT,False,MANUAL_REVIEW
TXN-0010452,GENUINE_FAILURE,True,1229.56,NO_ACTION,False,NO_ACTION
TXN-0010460,GENUINE_FAILURE,False,5896.92,RELEASE_LIMIT,False,MANUAL_REVIEW
TXN-0010464,GENUINE_FAILURE,True,3304.22,RELEASE_LIMIT,False,MANUAL_REVIEW
TXN-0010469,GENUINE_FAILURE,True,291.2,RELEASE_LIMIT,False,MANUAL_REVIEW
TXN-0010497,DOUBLE_DEDUCTION,False,12439.32,NO_ACTION,False,NO_ACTION
DEMO-S1,GENUINE_FAILURE,True,1250.0,RELEASE_LIMIT,True,MANUAL_REVIEW
DEMO-S2,DOUBLE_DEDUCTION,False,890.0,NO_ACTION,False,NO_ACTION
DEMO-S3,NONE,False,640.0,NO_ACTION,False,NO_ACTION
DEMO-S4,INCOMPLETE,False,450.0,NO_ACTION,False,NO_ACTION
DEMO-S5,UNKNOWN,False,1499.0,NO_ACTION,False,NO_ACTION
DEMO-S6,GENUINE_FAILURE,True,1750.0,RELEASE_LIMIT,True,MANUAL_REVIEW
